evidence_id	study_id	sample_comparison	feature_id_original	feature_id_standardized	feature_type	species	genome_assembly	annotation_version	ortholog_reference	mapping_confidence	molecular_direction	effect_size	effect_size_type	standard_error	ci_lower	ci_upper	p_value	adjusted_p_value	sample_size	tissue	life_stage	stressor	phenotype	phenotype_direction	analysis_method	quality_flags	source_file	input_checksum	workflow_version	date_generated	source_accession	resilience_classification
CGIG_HEAT_RNASEQ_PRJNA516762:1	CGIG_HEAT_RNASEQ_PRJNA516762	heat_35C_2h_vs_control_12C	CGI_10002387	CGI_10002387	gene	Crassostrea gigas	GCA_000297895.1			unresolved	up	4.32192220592129	log2_fold_change					3.02612988199714e-86	30	gill	juvenile	temperature	thermal_tolerance	Organism-level thermal-tolerance direction was not measured; molecular heat-response direction only	DESeq2_publication_FDR_le_0.05_FC_ge_1.5	published_significant_deg;standard_error_unavailable;raw_p_value_unavailable;legacy_identifier_unmapped	data/processed/CGIG_HEAT_RNASEQ_PRJNA516762_rnaseq.tsv	7e32d923cf416f0515c2dd9ae0230c0208bbe12705c50fd13da8c579651d5d36	0.1.0	2026-08-27	PRJNA516762;SRP181984;PMC6688261;31395030	stress_response
CGIG_HEAT_RNASEQ_PRJNA516762:2	CGIG_HEAT_RNASEQ_PRJNA516762	heat_35C_2h_vs_control_12C	CGI_10002823	CGI_10002823	gene	Crassostrea gigas	GCA_000297895.1			unresolved	up	2.00483026167558	log2_fold_change					1.13310897261583e-10	30	gill	juvenile	temperature	thermal_tolerance	Organism-level thermal-tolerance direction was not measured; molecular heat-response direction only	DESeq2_publication_FDR_le_0.05_FC_ge_1.5	published_significant_deg;standard_error_unavailable;raw_p_value_unavailable;legacy_identifier_unmapped	data/processed/CGIG_HEAT_RNASEQ_PRJNA516762_rnaseq.tsv	7e32d923cf416f0515c2dd9ae0230c0208bbe12705c50fd13da8c579651d5d36	0.1.0	2026-08-27	PRJNA516762;SRP181984;PMC6688261;31395030	stress_response
CGIG_HEAT_RNASEQ_PRJNA516762:3	CGIG_HEAT_RNASEQ_PRJNA516762	heat_35C_2h_vs_control_12C	CGI_10009093	CGI_10009093	gene	Crassostrea gigas	GCA_000297895.1			unresolved	up	1.88452249870533	log2_fold_change					2.3745101477308402e-14	30	gill	juvenile	temperature	thermal_tolerance	Organism-level thermal-tolerance direction was not measured; molecular heat-response direction only	DESeq2_publication_FDR_le_0.05_FC_ge_1.5	published_significant_deg;standard_error_unavailable;raw_p_value_unavailable;legacy_identifier_unmapped	data/processed/CGIG_HEAT_RNASEQ_PRJNA516762_rnaseq.tsv	7e32d923cf416f0515c2dd9ae0230c0208bbe12705c50fd13da8c579651d5d36	0.1.0	2026-08-27	PRJNA516762;SRP181984;PMC6688261;31395030	stress_response
CGIG_HEAT_RNASEQ_PRJNA516762:4	CGIG_HEAT_RNASEQ_PRJNA516762	heat_35C_2h_vs_control_12C	CGI_10002068	CGI_10002068	gene	Crassostrea gigas	GCA_000297895.1			unresolved	up	1.87656832611718	log2_fold_change					1.5230454165924101e-09	30	gill	juvenile	temperature	thermal_tolerance	Organism-level thermal-tolerance direction was not measured; molecular heat-response direction only	DESeq2_publication_FDR_le_0.05_FC_ge_1.5	published_significant_deg;standard_error_unavailable;raw_p_value_unavailable;legacy_identifier_unmapped	data/processed/CGIG_HEAT_RNASEQ_PRJNA516762_rnaseq.tsv	7e32d923cf416f0515c2dd9ae0230c0208bbe12705c50fd13da8c579651d5d36	0.1.0	2026-08-27	PRJNA516762;SRP181984;PMC6688261;31395030	stress_response
CGIG_HEAT_RNASEQ_PRJNA516762:5	CGIG_HEAT_RNASEQ_PRJNA516762	heat_35C_2h_vs_control_12C	CGI_10002950	CGI_10002950	gene	Crassostrea gigas	GCA_000297895.1			unresolved	up	1.82167278936896	log2_fold_change					1.21669935295818e-14	30	gill	juvenile	temperature	thermal_tolerance	Organism-level thermal-tolerance direction was not measured; molecular heat-response direction only	DESeq2_publication_FDR_le_0.05_FC_ge_1.5	published_significant_deg;standard_error_unavailable;raw_p_value_unavailable;legacy_identifier_unmapped	data/processed/CGIG_HEAT_RNASEQ_PRJNA516762_rnaseq.tsv	7e32d923cf416f0515c2dd9ae0230c0208bbe12705c50fd13da8c579651d5d36	0.1.0	2026-08-27	PRJNA516762;SRP181984;PMC6688261;31395030	stress_response
CGIG_HEAT_RNASEQ_PRJNA516762:6	CGIG_HEAT_RNASEQ_PRJNA516762	heat_35C_2h_vs_control_12C	Crassostrea_gigas_newGene_40298	Crassostrea_gigas_newGene_40298	gene	Crassostrea gigas	GCA_000297895.1			unresolved	up	1.77628600034683	log2_fold_change					9.90570218481327e-11	30	gill	juvenile	temperature	thermal_tolerance	Organism-level thermal-tolerance direction was not measured; molecular heat-response direction only	DESeq2_publication_FDR_le_0.05_FC_ge_1.5	published_significant_deg;standard_error_unavailable;raw_p_value_unavailable;legacy_identifier_unmapped	data/processed/CGIG_HEAT_RNASEQ_PRJNA516762_rnaseq.tsv	7e32d923cf416f0515c2dd9ae0230c0208bbe12705c50fd13da8c579651d5d36	0.1.0	2026-08-27	PRJNA516762;SRP181984;PMC6688261;31395030	stress_response
CGIG_HEAT_RNASEQ_PRJNA516762:7	CGIG_HEAT_RNASEQ_PRJNA516762	heat_35C_2h_vs_control_12C	Crassostrea_gigas_newGene_21273	Crassostrea_gigas_newGene_21273	gene	Crassostrea gigas	GCA_000297895.1			unresolved	up	1.69251157968981	log2_fold_change					1.01349790384326e-07	30	gill	juvenile	temperature	thermal_tolerance	Organism-level thermal-tolerance direction was not measured; molecular heat-response direction only	DESeq2_publication_FDR_le_0.05_FC_ge_1.5	published_significant_deg;standard_error_unavailable;raw_p_value_unavailable;legacy_identifier_unmapped	data/processed/CGIG_HEAT_RNASEQ_PRJNA516762_rnaseq.tsv	7e32d923cf416f0515c2dd9ae0230c0208bbe12705c50fd13da8c579651d5d36	0.1.0	2026-08-27	PRJNA516762;SRP181984;PMC6688261;31395030	stress_response
CGIG_HEAT_RNASEQ_PRJNA516762:8	CGIG_HEAT_RNASEQ_PRJNA516762	heat_35C_2h_vs_control_12C	CGI_10010798	CGI_10010798	gene	Crassostrea gigas	GCA_000297895.1			unresolved	up	1.66712091726567	log2_fold_change					1.30446050541416e-07	30	gill	juvenile	temperature	thermal_tolerance	Organism-level thermal-tolerance direction was not measured; molecular heat-response direction only	DESeq2_publication_FDR_le_0.05_FC_ge_1.5	published_significant_deg;standard_error_unavailable;raw_p_value_unavailable;legacy_identifier_unmapped	data/processed/CGIG_HEAT_RNASEQ_PRJNA516762_rnaseq.tsv	7e32d923cf416f0515c2dd9ae0230c0208bbe12705c50fd13da8c579651d5d36	0.1.0	2026-08-27	PRJNA516762;SRP181984;PMC6688261;31395030	stress_response
CGIG_HEAT_RNASEQ_PRJNA516762:9	CGIG_HEAT_RNASEQ_PRJNA516762	heat_35C_2h_vs_control_12C	CGI_10004164	CGI_10004164	gene	Crassostrea gigas	GCA_000297895.1			unresolved	up	1.65480473530871	log2_fold_change					6.0996220494064e-07	30	gill	juvenile	temperature	thermal_tolerance	Organism-level thermal-tolerance direction was not measured; molecular heat-response direction only	DESeq2_publication_FDR_le_0.05_FC_ge_1.5	published_significant_deg;standard_error_unavailable;raw_p_value_unavailable;legacy_identifier_unmapped	data/processed/CGIG_HEAT_RNASEQ_PRJNA516762_rnaseq.tsv	7e32d923cf416f0515c2dd9ae0230c0208bbe12705c50fd13da8c579651d5d36	0.1.0	2026-08-27	PRJNA516762;SRP181984;PMC6688261;31395030	stress_response
CGIG_HEAT_RNASEQ_PRJNA516762:10	CGIG_HEAT_RNASEQ_PRJNA516762	heat_35C_2h_vs_control_12C	CGI_10022941	CGI_10022941	gene	Crassostrea gigas	GCA_000297895.1			unresolved	up	1.45380139203642	log2_fold_change					4.09075948475e-05	30	gill	juvenile	temperature	thermal_tolerance	Organism-level thermal-tolerance direction was not measured; molecular heat-response direction only	DESeq2_publication_FDR_le_0.05_FC_ge_1.5	published_significant_deg;standard_error_unavailable;raw_p_value_unavailable;legacy_identifier_unmapped	data/processed/CGIG_HEAT_RNASEQ_PRJNA516762_rnaseq.tsv	7e32d923cf416f0515c2dd9ae0230c0208bbe12705c50fd13da8c579651d5d36	0.1.0	2026-08-27	PRJNA516762;SRP181984;PMC6688261;31395030	stress_response
CGIG_HEAT_RNASEQ_PRJNA516762:11	CGIG_HEAT_RNASEQ_PRJNA516762	heat_35C_2h_vs_control_12C	CGI_10014398	CGI_10014398	gene	Crassostrea gigas	GCA_000297895.1			unresolved	up	1.44906365322868	log2_fold_change					1.17421899113e-05	30	gill	juvenile	temperature	thermal_tolerance	Organism-level thermal-tolerance direction was not measured; molecular heat-response direction only	DESeq2_publication_FDR_le_0.05_FC_ge_1.5	published_significant_deg;standard_error_unavailable;raw_p_value_unavailable;legacy_identifier_unmapped	data/processed/CGIG_HEAT_RNASEQ_PRJNA516762_rnaseq.tsv	7e32d923cf416f0515c2dd9ae0230c0208bbe12705c50fd13da8c579651d5d36	0.1.0	2026-08-27	PRJNA516762;SRP181984;PMC6688261;31395030	stress_response
CGIG_HEAT_RNASEQ_PRJNA516762:12	CGIG_HEAT_RNASEQ_PRJNA516762	heat_35C_2h_vs_control_12C	Crassostrea_gigas_newGene_10935	Crassostrea_gigas_newGene_10935	gene	Crassostrea gigas	GCA_000297895.1			unresolved	up	1.36790365978337	log2_fold_change					4.51790913442e-05	30	gill	juvenile	temperature	thermal_tolerance	Organism-level thermal-tolerance direction was not measured; molecular heat-response direction only	DESeq2_publication_FDR_le_0.05_FC_ge_1.5	published_significant_deg;standard_error_unavailable;raw_p_value_unavailable;legacy_identifier_unmapped	data/processed/CGIG_HEAT_RNASEQ_PRJNA516762_rnaseq.tsv	7e32d923cf416f0515c2dd9ae0230c0208bbe12705c50fd13da8c579651d5d36	0.1.0	2026-08-27	PRJNA516762;SRP181984;PMC6688261;31395030	stress_response
CGIG_HEAT_RNASEQ_PRJNA516762:13	CGIG_HEAT_RNASEQ_PRJNA516762	heat_35C_2h_vs_control_12C	CGI_10000009	CGI_10000009	gene	Crassostrea gigas	GCA_000297895.1			unresolved	up	1.34183404400382	log2_fold_change					0.000172064886173	30	gill	juvenile	temperature	thermal_tolerance	Organism-level thermal-tolerance direction was not measured; molecular heat-response direction only	DESeq2_publication_FDR_le_0.05_FC_ge_1.5	published_significant_deg;standard_error_unavailable;raw_p_value_unavailable;legacy_identifier_unmapped	data/processed/CGIG_HEAT_RNASEQ_PRJNA516762_rnaseq.tsv	7e32d923cf416f0515c2dd9ae0230c0208bbe12705c50fd13da8c579651d5d36	0.1.0	2026-08-27	PRJNA516762;SRP181984;PMC6688261;31395030	stress_response
CGIG_HEAT_RNASEQ_PRJNA516762:14	CGIG_HEAT_RNASEQ_PRJNA516762	heat_35C_2h_vs_control_12C	CGI_10002498	CGI_10002498	gene	Crassostrea gigas	GCA_000297895.1			unresolved	up	1.30141863743261	log2_fold_change					0.0005355103206907	30	gill	juvenile	temperature	thermal_tolerance	Organism-level thermal-tolerance direction was not measured; molecular heat-response direction only	DESeq2_publication_FDR_le_0.05_FC_ge_1.5	published_significant_deg;standard_error_unavailable;raw_p_value_unavailable;legacy_identifier_unmapped	data/processed/CGIG_HEAT_RNASEQ_PRJNA516762_rnaseq.tsv	7e32d923cf416f0515c2dd9ae0230c0208bbe12705c50fd13da8c579651d5d36	0.1.0	2026-08-27	PRJNA516762;SRP181984;PMC6688261;31395030	stress_response
CGIG_HEAT_RNASEQ_PRJNA516762:15	CGIG_HEAT_RNASEQ_PRJNA516762	heat_35C_2h_vs_control_12C	Crassostrea_gigas_newGene_27362	Crassostrea_gigas_newGene_27362	gene	Crassostrea gigas	GCA_000297895.1			unresolved	up	1.28556464692161	log2_fold_change					0.0001668530187624	30	gill	juvenile	temperature	thermal_tolerance	Organism-level thermal-tolerance direction was not measured; molecular heat-response direction only	DESeq2_publication_FDR_le_0.05_FC_ge_1.5	published_significant_deg;standard_error_unavailable;raw_p_value_unavailable;legacy_identifier_unmapped	data/processed/CGIG_HEAT_RNASEQ_PRJNA516762_rnaseq.tsv	7e32d923cf416f0515c2dd9ae0230c0208bbe12705c50fd13da8c579651d5d36	0.1.0	2026-08-27	PRJNA516762;SRP181984;PMC6688261;31395030	stress_response
CGIG_HEAT_RNASEQ_PRJNA516762:16	CGIG_HEAT_RNASEQ_PRJNA516762	heat_35C_2h_vs_control_12C	CGI_10011376	CGI_10011376	gene	Crassostrea gigas	GCA_000297895.1			unresolved	up	1.28445374338731	log2_fold_change					0.0005355103206907	30	gill	juvenile	temperature	thermal_tolerance	Organism-level thermal-tolerance direction was not measured; molecular heat-response direction only	DESeq2_publication_FDR_le_0.05_FC_ge_1.5	published_significant_deg;standard_error_unavailable;raw_p_value_unavailable;legacy_identifier_unmapped	data/processed/CGIG_HEAT_RNASEQ_PRJNA516762_rnaseq.tsv	7e32d923cf416f0515c2dd9ae0230c0208bbe12705c50fd13da8c579651d5d36	0.1.0	2026-08-27	PRJNA516762;SRP181984;PMC6688261;31395030	stress_response
CGIG_HEAT_RNASEQ_PRJNA516762:17	CGIG_HEAT_RNASEQ_PRJNA516762	heat_35C_2h_vs_control_12C	CGI_10019809	CGI_10019809	gene	Crassostrea gigas	GCA_000297895.1			unresolved	up	1.27775237093355	log2_fold_change					0.0009105889434772	30	gill	juvenile	temperature	thermal_tolerance	Organism-level thermal-tolerance direction was not measured; molecular heat-response direction only	DESeq2_publication_FDR_le_0.05_FC_ge_1.5	published_significant_deg;standard_error_unavailable;raw_p_value_unavailable;legacy_identifier_unmapped	data/processed/CGIG_HEAT_RNASEQ_PRJNA516762_rnaseq.tsv	7e32d923cf416f0515c2dd9ae0230c0208bbe12705c50fd13da8c579651d5d36	0.1.0	2026-08-27	PRJNA516762;SRP181984;PMC6688261;31395030	stress_response
CGIG_HEAT_RNASEQ_PRJNA516762:18	CGIG_HEAT_RNASEQ_PRJNA516762	heat_35C_2h_vs_control_12C	CGI_10007526	CGI_10007526	gene	Crassostrea gigas	GCA_000297895.1			unresolved	up	1.2602749510712	log2_fold_change					0.0002581262634781	30	gill	juvenile	temperature	thermal_tolerance	Organism-level thermal-tolerance direction was not measured; molecular heat-response direction only	DESeq2_publication_FDR_le_0.05_FC_ge_1.5	published_significant_deg;standard_error_unavailable;raw_p_value_unavailable;legacy_identifier_unmapped	data/processed/CGIG_HEAT_RNASEQ_PRJNA516762_rnaseq.tsv	7e32d923cf416f0515c2dd9ae0230c0208bbe12705c50fd13da8c579651d5d36	0.1.0	2026-08-27	PRJNA516762;SRP181984;PMC6688261;31395030	stress_response
CGIG_HEAT_RNASEQ_PRJNA516762:19	CGIG_HEAT_RNASEQ_PRJNA516762	heat_35C_2h_vs_control_12C	CGI_10001116	CGI_10001116	gene	Crassostrea gigas	GCA_000297895.1			unresolved	up	1.20582865199306	log2_fold_change					0.0012972776138345	30	gill	juvenile	temperature	thermal_tolerance	Organism-level thermal-tolerance direction was not measured; molecular heat-response direction only	DESeq2_publication_FDR_le_0.05_FC_ge_1.5	published_significant_deg;standard_error_unavailable;raw_p_value_unavailable;legacy_identifier_unmapped	data/processed/CGIG_HEAT_RNASEQ_PRJNA516762_rnaseq.tsv	7e32d923cf416f0515c2dd9ae0230c0208bbe12705c50fd13da8c579651d5d36	0.1.0	2026-08-27	PRJNA516762;SRP181984;PMC6688261;31395030	stress_response
CGIG_HEAT_RNASEQ_PRJNA516762:20	CGIG_HEAT_RNASEQ_PRJNA516762	heat_35C_2h_vs_control_12C	CGI_10001415	CGI_10001415	gene	Crassostrea gigas	GCA_000297895.1			unresolved	up	1.19314715090126	log2_fold_change					0.0021954191018237	30	gill	juvenile	temperature	thermal_tolerance	Organism-level thermal-tolerance direction was not measured; molecular heat-response direction only	DESeq2_publication_FDR_le_0.05_FC_ge_1.5	published_significant_deg;standard_error_unavailable;raw_p_value_unavailable;legacy_identifier_unmapped	data/processed/CGIG_HEAT_RNASEQ_PRJNA516762_rnaseq.tsv	7e32d923cf416f0515c2dd9ae0230c0208bbe12705c50fd13da8c579651d5d36	0.1.0	2026-08-27	PRJNA516762;SRP181984;PMC6688261;31395030	stress_response
CGIG_HEAT_RNASEQ_PRJNA516762:21	CGIG_HEAT_RNASEQ_PRJNA516762	heat_35C_2h_vs_control_12C	CGI_10005393	CGI_10005393	gene	Crassostrea gigas	GCA_000297895.1			unresolved	up	1.18695215416974	log2_fold_change					0.0002887053730381	30	gill	juvenile	temperature	thermal_tolerance	Organism-level thermal-tolerance direction was not measured; molecular heat-response direction only	DESeq2_publication_FDR_le_0.05_FC_ge_1.5	published_significant_deg;standard_error_unavailable;raw_p_value_unavailable;legacy_identifier_unmapped	data/processed/CGIG_HEAT_RNASEQ_PRJNA516762_rnaseq.tsv	7e32d923cf416f0515c2dd9ae0230c0208bbe12705c50fd13da8c579651d5d36	0.1.0	2026-08-27	PRJNA516762;SRP181984;PMC6688261;31395030	stress_response
CGIG_HEAT_RNASEQ_PRJNA516762:22	CGIG_HEAT_RNASEQ_PRJNA516762	heat_35C_2h_vs_control_12C	CGI_10008519	CGI_10008519	gene	Crassostrea gigas	GCA_000297895.1			unresolved	up	1.15082836909143	log2_fold_change					0.0016173298874471	30	gill	juvenile	temperature	thermal_tolerance	Organism-level thermal-tolerance direction was not measured; molecular heat-response direction only	DESeq2_publication_FDR_le_0.05_FC_ge_1.5	published_significant_deg;standard_error_unavailable;raw_p_value_unavailable;legacy_identifier_unmapped	data/processed/CGIG_HEAT_RNASEQ_PRJNA516762_rnaseq.tsv	7e32d923cf416f0515c2dd9ae0230c0208bbe12705c50fd13da8c579651d5d36	0.1.0	2026-08-27	PRJNA516762;SRP181984;PMC6688261;31395030	stress_response
CGIG_HEAT_RNASEQ_PRJNA516762:23	CGIG_HEAT_RNASEQ_PRJNA516762	heat_35C_2h_vs_control_12C	CGI_10026431	CGI_10026431	gene	Crassostrea gigas	GCA_000297895.1			unresolved	up	1.150120193386	log2_fold_change					4.247199380415e-17	30	gill	juvenile	temperature	thermal_tolerance	Organism-level thermal-tolerance direction was not measured; molecular heat-response direction only	DESeq2_publication_FDR_le_0.05_FC_ge_1.5	published_significant_deg;standard_error_unavailable;raw_p_value_unavailable;legacy_identifier_unmapped	data/processed/CGIG_HEAT_RNASEQ_PRJNA516762_rnaseq.tsv	7e32d923cf416f0515c2dd9ae0230c0208bbe12705c50fd13da8c579651d5d36	0.1.0	2026-08-27	PRJNA516762;SRP181984;PMC6688261;31395030	stress_response
CGIG_HEAT_RNASEQ_PRJNA516762:24	CGIG_HEAT_RNASEQ_PRJNA516762	heat_35C_2h_vs_control_12C	CGI_10028633	CGI_10028633	gene	Crassostrea gigas	GCA_000297895.1			unresolved	up	1.15008253371278	log2_fold_change					0.0001719091194304	30	gill	juvenile	temperature	thermal_tolerance	Organism-level thermal-tolerance direction was not measured; molecular heat-response direction only	DESeq2_publication_FDR_le_0.05_FC_ge_1.5	published_significant_deg;standard_error_unavailable;raw_p_value_unavailable;legacy_identifier_unmapped	data/processed/CGIG_HEAT_RNASEQ_PRJNA516762_rnaseq.tsv	7e32d923cf416f0515c2dd9ae0230c0208bbe12705c50fd13da8c579651d5d36	0.1.0	2026-08-27	PRJNA516762;SRP181984;PMC6688261;31395030	stress_response
CGIG_HEAT_RNASEQ_PRJNA516762:25	CGIG_HEAT_RNASEQ_PRJNA516762	heat_35C_2h_vs_control_12C	CGI_10024054	CGI_10024054	gene	Crassostrea gigas	GCA_000297895.1			unresolved	up	1.14936449688765	log2_fold_change					0.0027856313632853	30	gill	juvenile	temperature	thermal_tolerance	Organism-level thermal-tolerance direction was not measured; molecular heat-response direction only	DESeq2_publication_FDR_le_0.05_FC_ge_1.5	published_significant_deg;standard_error_unavailable;raw_p_value_unavailable;legacy_identifier_unmapped	data/processed/CGIG_HEAT_RNASEQ_PRJNA516762_rnaseq.tsv	7e32d923cf416f0515c2dd9ae0230c0208bbe12705c50fd13da8c579651d5d36	0.1.0	2026-08-27	PRJNA516762;SRP181984;PMC6688261;31395030	stress_response
CGIG_HEAT_RNASEQ_PRJNA516762:26	CGIG_HEAT_RNASEQ_PRJNA516762	heat_35C_2h_vs_control_12C	CGI_10005710	CGI_10005710	gene	Crassostrea gigas	GCA_000297895.1			unresolved	up	1.14442264038905	log2_fold_change					0.0025320030966843	30	gill	juvenile	temperature	thermal_tolerance	Organism-level thermal-tolerance direction was not measured; molecular heat-response direction only	DESeq2_publication_FDR_le_0.05_FC_ge_1.5	published_significant_deg;standard_error_unavailable;raw_p_value_unavailable;legacy_identifier_unmapped	data/processed/CGIG_HEAT_RNASEQ_PRJNA516762_rnaseq.tsv	7e32d923cf416f0515c2dd9ae0230c0208bbe12705c50fd13da8c579651d5d36	0.1.0	2026-08-27	PRJNA516762;SRP181984;PMC6688261;31395030	stress_response
CGIG_HEAT_RNASEQ_PRJNA516762:27	CGIG_HEAT_RNASEQ_PRJNA516762	heat_35C_2h_vs_control_12C	CGI_10026819	CGI_10026819	gene	Crassostrea gigas	GCA_000297895.1			unresolved	up	1.12766148886498	log2_fold_change					0.0024692893605553	30	gill	juvenile	temperature	thermal_tolerance	Organism-level thermal-tolerance direction was not measured; molecular heat-response direction only	DESeq2_publication_FDR_le_0.05_FC_ge_1.5	published_significant_deg;standard_error_unavailable;raw_p_value_unavailable;legacy_identifier_unmapped	data/processed/CGIG_HEAT_RNASEQ_PRJNA516762_rnaseq.tsv	7e32d923cf416f0515c2dd9ae0230c0208bbe12705c50fd13da8c579651d5d36	0.1.0	2026-08-27	PRJNA516762;SRP181984;PMC6688261;31395030	stress_response
CGIG_HEAT_RNASEQ_PRJNA516762:28	CGIG_HEAT_RNASEQ_PRJNA516762	heat_35C_2h_vs_control_12C	CGI_10004519	CGI_10004519	gene	Crassostrea gigas	GCA_000297895.1			unresolved	up	1.11493106108162	log2_fold_change					0.0021989866667699	30	gill	juvenile	temperature	thermal_tolerance	Organism-level thermal-tolerance direction was not measured; molecular heat-response direction only	DESeq2_publication_FDR_le_0.05_FC_ge_1.5	published_significant_deg;standard_error_unavailable;raw_p_value_unavailable;legacy_identifier_unmapped	data/processed/CGIG_HEAT_RNASEQ_PRJNA516762_rnaseq.tsv	7e32d923cf416f0515c2dd9ae0230c0208bbe12705c50fd13da8c579651d5d36	0.1.0	2026-08-27	PRJNA516762;SRP181984;PMC6688261;31395030	stress_response
CGIG_HEAT_RNASEQ_PRJNA516762:29	CGIG_HEAT_RNASEQ_PRJNA516762	heat_35C_2h_vs_control_12C	CGI_10018622	CGI_10018622	gene	Crassostrea gigas	GCA_000297895.1			unresolved	up	1.09405699083958	log2_fold_change					0.0097583895547009	30	gill	juvenile	temperature	thermal_tolerance	Organism-level thermal-tolerance direction was not measured; molecular heat-response direction only	DESeq2_publication_FDR_le_0.05_FC_ge_1.5	published_significant_deg;standard_error_unavailable;raw_p_value_unavailable;legacy_identifier_unmapped	data/processed/CGIG_HEAT_RNASEQ_PRJNA516762_rnaseq.tsv	7e32d923cf416f0515c2dd9ae0230c0208bbe12705c50fd13da8c579651d5d36	0.1.0	2026-08-27	PRJNA516762;SRP181984;PMC6688261;31395030	stress_response
CGIG_HEAT_RNASEQ_PRJNA516762:30	CGIG_HEAT_RNASEQ_PRJNA516762	heat_35C_2h_vs_control_12C	Crassostrea_gigas_newGene_11355	Crassostrea_gigas_newGene_11355	gene	Crassostrea gigas	GCA_000297895.1			unresolved	up	1.08528308260682	log2_fold_change					0.002472610003889	30	gill	juvenile	temperature	thermal_tolerance	Organism-level thermal-tolerance direction was not measured; molecular heat-response direction only	DESeq2_publication_FDR_le_0.05_FC_ge_1.5	published_significant_deg;standard_error_unavailable;raw_p_value_unavailable;legacy_identifier_unmapped	data/processed/CGIG_HEAT_RNASEQ_PRJNA516762_rnaseq.tsv	7e32d923cf416f0515c2dd9ae0230c0208bbe12705c50fd13da8c579651d5d36	0.1.0	2026-08-27	PRJNA516762;SRP181984;PMC6688261;31395030	stress_response
CGIG_HEAT_RNASEQ_PRJNA516762:31	CGIG_HEAT_RNASEQ_PRJNA516762	heat_35C_2h_vs_control_12C	CGI_10000078	CGI_10000078	gene	Crassostrea gigas	GCA_000297895.1			unresolved	up	1.08382119739984	log2_fold_change					0.0023236564909296	30	gill	juvenile	temperature	thermal_tolerance	Organism-level thermal-tolerance direction was not measured; molecular heat-response direction only	DESeq2_publication_FDR_le_0.05_FC_ge_1.5	published_significant_deg;standard_error_unavailable;raw_p_value_unavailable;legacy_identifier_unmapped	data/processed/CGIG_HEAT_RNASEQ_PRJNA516762_rnaseq.tsv	7e32d923cf416f0515c2dd9ae0230c0208bbe12705c50fd13da8c579651d5d36	0.1.0	2026-08-27	PRJNA516762;SRP181984;PMC6688261;31395030	stress_response
CGIG_HEAT_RNASEQ_PRJNA516762:32	CGIG_HEAT_RNASEQ_PRJNA516762	heat_35C_2h_vs_control_12C	CGI_10013492	CGI_10013492	gene	Crassostrea gigas	GCA_000297895.1			unresolved	up	1.07802949334133	log2_fold_change					0.0087281781458689	30	gill	juvenile	temperature	thermal_tolerance	Organism-level thermal-tolerance direction was not measured; molecular heat-response direction only	DESeq2_publication_FDR_le_0.05_FC_ge_1.5	published_significant_deg;standard_error_unavailable;raw_p_value_unavailable;legacy_identifier_unmapped	data/processed/CGIG_HEAT_RNASEQ_PRJNA516762_rnaseq.tsv	7e32d923cf416f0515c2dd9ae0230c0208bbe12705c50fd13da8c579651d5d36	0.1.0	2026-08-27	PRJNA516762;SRP181984;PMC6688261;31395030	stress_response
CGIG_HEAT_RNASEQ_PRJNA516762:33	CGIG_HEAT_RNASEQ_PRJNA516762	heat_35C_2h_vs_control_12C	CGI_10020024	CGI_10020024	gene	Crassostrea gigas	GCA_000297895.1			unresolved	up	1.07316232370275	log2_fold_change					0.0056647118071521	30	gill	juvenile	temperature	thermal_tolerance	Organism-level thermal-tolerance direction was not measured; molecular heat-response direction only	DESeq2_publication_FDR_le_0.05_FC_ge_1.5	published_significant_deg;standard_error_unavailable;raw_p_value_unavailable;legacy_identifier_unmapped	data/processed/CGIG_HEAT_RNASEQ_PRJNA516762_rnaseq.tsv	7e32d923cf416f0515c2dd9ae0230c0208bbe12705c50fd13da8c579651d5d36	0.1.0	2026-08-27	PRJNA516762;SRP181984;PMC6688261;31395030	stress_response
CGIG_HEAT_RNASEQ_PRJNA516762:34	CGIG_HEAT_RNASEQ_PRJNA516762	heat_35C_2h_vs_control_12C	Crassostrea_gigas_newGene_6381	Crassostrea_gigas_newGene_6381	gene	Crassostrea gigas	GCA_000297895.1			unresolved	up	1.07028647269187	log2_fold_change					0.0071266981353331	30	gill	juvenile	temperature	thermal_tolerance	Organism-level thermal-tolerance direction was not measured; molecular heat-response direction only	DESeq2_publication_FDR_le_0.05_FC_ge_1.5	published_significant_deg;standard_error_unavailable;raw_p_value_unavailable;legacy_identifier_unmapped	data/processed/CGIG_HEAT_RNASEQ_PRJNA516762_rnaseq.tsv	7e32d923cf416f0515c2dd9ae0230c0208bbe12705c50fd13da8c579651d5d36	0.1.0	2026-08-27	PRJNA516762;SRP181984;PMC6688261;31395030	stress_response
CGIG_HEAT_RNASEQ_PRJNA516762:35	CGIG_HEAT_RNASEQ_PRJNA516762	heat_35C_2h_vs_control_12C	CGI_10007687	CGI_10007687	gene	Crassostrea gigas	GCA_000297895.1			unresolved	up	1.04694038240299	log2_fold_change					0.0021954191018237	30	gill	juvenile	temperature	thermal_tolerance	Organism-level thermal-tolerance direction was not measured; molecular heat-response direction only	DESeq2_publication_FDR_le_0.05_FC_ge_1.5	published_significant_deg;standard_error_unavailable;raw_p_value_unavailable;legacy_identifier_unmapped	data/processed/CGIG_HEAT_RNASEQ_PRJNA516762_rnaseq.tsv	7e32d923cf416f0515c2dd9ae0230c0208bbe12705c50fd13da8c579651d5d36	0.1.0	2026-08-27	PRJNA516762;SRP181984;PMC6688261;31395030	stress_response
CGIG_HEAT_RNASEQ_PRJNA516762:36	CGIG_HEAT_RNASEQ_PRJNA516762	heat_35C_2h_vs_control_12C	CGI_10007534	CGI_10007534	gene	Crassostrea gigas	GCA_000297895.1			unresolved	up	1.04429000644448	log2_fold_change					0.0198410229088812	30	gill	juvenile	temperature	thermal_tolerance	Organism-level thermal-tolerance direction was not measured; molecular heat-response direction only	DESeq2_publication_FDR_le_0.05_FC_ge_1.5	published_significant_deg;standard_error_unavailable;raw_p_value_unavailable;legacy_identifier_unmapped	data/processed/CGIG_HEAT_RNASEQ_PRJNA516762_rnaseq.tsv	7e32d923cf416f0515c2dd9ae0230c0208bbe12705c50fd13da8c579651d5d36	0.1.0	2026-08-27	PRJNA516762;SRP181984;PMC6688261;31395030	stress_response
CGIG_HEAT_RNASEQ_PRJNA516762:37	CGIG_HEAT_RNASEQ_PRJNA516762	heat_35C_2h_vs_control_12C	Crassostrea_gigas_newGene_9842	Crassostrea_gigas_newGene_9842	gene	Crassostrea gigas	GCA_000297895.1			unresolved	up	1.03568375119503	log2_fold_change					0.007878074569664	30	gill	juvenile	temperature	thermal_tolerance	Organism-level thermal-tolerance direction was not measured; molecular heat-response direction only	DESeq2_publication_FDR_le_0.05_FC_ge_1.5	published_significant_deg;standard_error_unavailable;raw_p_value_unavailable;legacy_identifier_unmapped	data/processed/CGIG_HEAT_RNASEQ_PRJNA516762_rnaseq.tsv	7e32d923cf416f0515c2dd9ae0230c0208bbe12705c50fd13da8c579651d5d36	0.1.0	2026-08-27	PRJNA516762;SRP181984;PMC6688261;31395030	stress_response
CGIG_HEAT_RNASEQ_PRJNA516762:38	CGIG_HEAT_RNASEQ_PRJNA516762	heat_35C_2h_vs_control_12C	CGI_10011184	CGI_10011184	gene	Crassostrea gigas	GCA_000297895.1			unresolved	up	1.02186405442204	log2_fold_change					0.0003556893736016	30	gill	juvenile	temperature	thermal_tolerance	Organism-level thermal-tolerance direction was not measured; molecular heat-response direction only	DESeq2_publication_FDR_le_0.05_FC_ge_1.5	published_significant_deg;standard_error_unavailable;raw_p_value_unavailable;legacy_identifier_unmapped	data/processed/CGIG_HEAT_RNASEQ_PRJNA516762_rnaseq.tsv	7e32d923cf416f0515c2dd9ae0230c0208bbe12705c50fd13da8c579651d5d36	0.1.0	2026-08-27	PRJNA516762;SRP181984;PMC6688261;31395030	stress_response
CGIG_HEAT_RNASEQ_PRJNA516762:39	CGIG_HEAT_RNASEQ_PRJNA516762	heat_35C_2h_vs_control_12C	CGI_10012725	CGI_10012725	gene	Crassostrea gigas	GCA_000297895.1			unresolved	up	1.01594624031572	log2_fold_change					0.0021401559140758	30	gill	juvenile	temperature	thermal_tolerance	Organism-level thermal-tolerance direction was not measured; molecular heat-response direction only	DESeq2_publication_FDR_le_0.05_FC_ge_1.5	published_significant_deg;standard_error_unavailable;raw_p_value_unavailable;legacy_identifier_unmapped	data/processed/CGIG_HEAT_RNASEQ_PRJNA516762_rnaseq.tsv	7e32d923cf416f0515c2dd9ae0230c0208bbe12705c50fd13da8c579651d5d36	0.1.0	2026-08-27	PRJNA516762;SRP181984;PMC6688261;31395030	stress_response
CGIG_HEAT_RNASEQ_PRJNA516762:40	CGIG_HEAT_RNASEQ_PRJNA516762	heat_35C_2h_vs_control_12C	CGI_10012233	CGI_10012233	gene	Crassostrea gigas	GCA_000297895.1			unresolved	up	1.0072302097516	log2_fold_change					0.0054368961677429	30	gill	juvenile	temperature	thermal_tolerance	Organism-level thermal-tolerance direction was not measured; molecular heat-response direction only	DESeq2_publication_FDR_le_0.05_FC_ge_1.5	published_significant_deg;standard_error_unavailable;raw_p_value_unavailable;legacy_identifier_unmapped	data/processed/CGIG_HEAT_RNASEQ_PRJNA516762_rnaseq.tsv	7e32d923cf416f0515c2dd9ae0230c0208bbe12705c50fd13da8c579651d5d36	0.1.0	2026-08-27	PRJNA516762;SRP181984;PMC6688261;31395030	stress_response
CGIG_HEAT_RNASEQ_PRJNA516762:41	CGIG_HEAT_RNASEQ_PRJNA516762	heat_35C_2h_vs_control_12C	Crassostrea_gigas_newGene_2604	Crassostrea_gigas_newGene_2604	gene	Crassostrea gigas	GCA_000297895.1			unresolved	up	1.00719574495603	log2_fold_change					0.0068833513755788	30	gill	juvenile	temperature	thermal_tolerance	Organism-level thermal-tolerance direction was not measured; molecular heat-response direction only	DESeq2_publication_FDR_le_0.05_FC_ge_1.5	published_significant_deg;standard_error_unavailable;raw_p_value_unavailable;legacy_identifier_unmapped	data/processed/CGIG_HEAT_RNASEQ_PRJNA516762_rnaseq.tsv	7e32d923cf416f0515c2dd9ae0230c0208bbe12705c50fd13da8c579651d5d36	0.1.0	2026-08-27	PRJNA516762;SRP181984;PMC6688261;31395030	stress_response
CGIG_HEAT_RNASEQ_PRJNA516762:42	CGIG_HEAT_RNASEQ_PRJNA516762	heat_35C_2h_vs_control_12C	Crassostrea_gigas_newGene_20835	Crassostrea_gigas_newGene_20835	gene	Crassostrea gigas	GCA_000297895.1			unresolved	up	0.997411932283091	log2_fold_change					0.0399834910251239	30	gill	juvenile	temperature	thermal_tolerance	Organism-level thermal-tolerance direction was not measured; molecular heat-response direction only	DESeq2_publication_FDR_le_0.05_FC_ge_1.5	published_significant_deg;standard_error_unavailable;raw_p_value_unavailable;legacy_identifier_unmapped	data/processed/CGIG_HEAT_RNASEQ_PRJNA516762_rnaseq.tsv	7e32d923cf416f0515c2dd9ae0230c0208bbe12705c50fd13da8c579651d5d36	0.1.0	2026-08-27	PRJNA516762;SRP181984;PMC6688261;31395030	stress_response
CGIG_HEAT_RNASEQ_PRJNA516762:43	CGIG_HEAT_RNASEQ_PRJNA516762	heat_35C_2h_vs_control_12C	CGI_10001358	CGI_10001358	gene	Crassostrea gigas	GCA_000297895.1			unresolved	up	0.993074740412315	log2_fold_change					0.028553410973906	30	gill	juvenile	temperature	thermal_tolerance	Organism-level thermal-tolerance direction was not measured; molecular heat-response direction only	DESeq2_publication_FDR_le_0.05_FC_ge_1.5	published_significant_deg;standard_error_unavailable;raw_p_value_unavailable;legacy_identifier_unmapped	data/processed/CGIG_HEAT_RNASEQ_PRJNA516762_rnaseq.tsv	7e32d923cf416f0515c2dd9ae0230c0208bbe12705c50fd13da8c579651d5d36	0.1.0	2026-08-27	PRJNA516762;SRP181984;PMC6688261;31395030	stress_response
CGIG_HEAT_RNASEQ_PRJNA516762:44	CGIG_HEAT_RNASEQ_PRJNA516762	heat_35C_2h_vs_control_12C	CGI_10022922	CGI_10022922	gene	Crassostrea gigas	GCA_000297895.1			unresolved	up	0.985206783982696	log2_fold_change					0.0315497182415748	30	gill	juvenile	temperature	thermal_tolerance	Organism-level thermal-tolerance direction was not measured; molecular heat-response direction only	DESeq2_publication_FDR_le_0.05_FC_ge_1.5	published_significant_deg;standard_error_unavailable;raw_p_value_unavailable;legacy_identifier_unmapped	data/processed/CGIG_HEAT_RNASEQ_PRJNA516762_rnaseq.tsv	7e32d923cf416f0515c2dd9ae0230c0208bbe12705c50fd13da8c579651d5d36	0.1.0	2026-08-27	PRJNA516762;SRP181984;PMC6688261;31395030	stress_response
CGIG_HEAT_RNASEQ_PRJNA516762:45	CGIG_HEAT_RNASEQ_PRJNA516762	heat_35C_2h_vs_control_12C	Crassostrea_gigas_newGene_37076	Crassostrea_gigas_newGene_37076	gene	Crassostrea gigas	GCA_000297895.1			unresolved	up	0.982254123485799	log2_fold_change					0.0453296023650218	30	gill	juvenile	temperature	thermal_tolerance	Organism-level thermal-tolerance direction was not measured; molecular heat-response direction only	DESeq2_publication_FDR_le_0.05_FC_ge_1.5	published_significant_deg;standard_error_unavailable;raw_p_value_unavailable;legacy_identifier_unmapped	data/processed/CGIG_HEAT_RNASEQ_PRJNA516762_rnaseq.tsv	7e32d923cf416f0515c2dd9ae0230c0208bbe12705c50fd13da8c579651d5d36	0.1.0	2026-08-27	PRJNA516762;SRP181984;PMC6688261;31395030	stress_response
CGIG_HEAT_RNASEQ_PRJNA516762:46	CGIG_HEAT_RNASEQ_PRJNA516762	heat_35C_2h_vs_control_12C	CGI_10026192	CGI_10026192	gene	Crassostrea gigas	GCA_000297895.1			unresolved	up	0.980638246030718	log2_fold_change					0.0010324790724451	30	gill	juvenile	temperature	thermal_tolerance	Organism-level thermal-tolerance direction was not measured; molecular heat-response direction only	DESeq2_publication_FDR_le_0.05_FC_ge_1.5	published_significant_deg;standard_error_unavailable;raw_p_value_unavailable;legacy_identifier_unmapped	data/processed/CGIG_HEAT_RNASEQ_PRJNA516762_rnaseq.tsv	7e32d923cf416f0515c2dd9ae0230c0208bbe12705c50fd13da8c579651d5d36	0.1.0	2026-08-27	PRJNA516762;SRP181984;PMC6688261;31395030	stress_response
CGIG_HEAT_RNASEQ_PRJNA516762:47	CGIG_HEAT_RNASEQ_PRJNA516762	heat_35C_2h_vs_control_12C	CGI_10022648	CGI_10022648	gene	Crassostrea gigas	GCA_000297895.1			unresolved	up	0.980201326792849	log2_fold_change					0.0141512867028748	30	gill	juvenile	temperature	thermal_tolerance	Organism-level thermal-tolerance direction was not measured; molecular heat-response direction only	DESeq2_publication_FDR_le_0.05_FC_ge_1.5	published_significant_deg;standard_error_unavailable;raw_p_value_unavailable;legacy_identifier_unmapped	data/processed/CGIG_HEAT_RNASEQ_PRJNA516762_rnaseq.tsv	7e32d923cf416f0515c2dd9ae0230c0208bbe12705c50fd13da8c579651d5d36	0.1.0	2026-08-27	PRJNA516762;SRP181984;PMC6688261;31395030	stress_response
CGIG_HEAT_RNASEQ_PRJNA516762:48	CGIG_HEAT_RNASEQ_PRJNA516762	heat_35C_2h_vs_control_12C	CGI_10010647	CGI_10010647	gene	Crassostrea gigas	GCA_000297895.1			unresolved	up	0.98009263620631	log2_fold_change					0.0155784156078768	30	gill	juvenile	temperature	thermal_tolerance	Organism-level thermal-tolerance direction was not measured; molecular heat-response direction only	DESeq2_publication_FDR_le_0.05_FC_ge_1.5	published_significant_deg;standard_error_unavailable;raw_p_value_unavailable;legacy_identifier_unmapped	data/processed/CGIG_HEAT_RNASEQ_PRJNA516762_rnaseq.tsv	7e32d923cf416f0515c2dd9ae0230c0208bbe12705c50fd13da8c579651d5d36	0.1.0	2026-08-27	PRJNA516762;SRP181984;PMC6688261;31395030	stress_response
CGIG_HEAT_RNASEQ_PRJNA516762:49	CGIG_HEAT_RNASEQ_PRJNA516762	heat_35C_2h_vs_control_12C	CGI_10027877	CGI_10027877	gene	Crassostrea gigas	GCA_000297895.1			unresolved	up	0.969865254877932	log2_fold_change					0.0126852669706047	30	gill	juvenile	temperature	thermal_tolerance	Organism-level thermal-tolerance direction was not measured; molecular heat-response direction only	DESeq2_publication_FDR_le_0.05_FC_ge_1.5	published_significant_deg;standard_error_unavailable;raw_p_value_unavailable;legacy_identifier_unmapped	data/processed/CGIG_HEAT_RNASEQ_PRJNA516762_rnaseq.tsv	7e32d923cf416f0515c2dd9ae0230c0208bbe12705c50fd13da8c579651d5d36	0.1.0	2026-08-27	PRJNA516762;SRP181984;PMC6688261;31395030	stress_response
CGIG_HEAT_RNASEQ_PRJNA516762:50	CGIG_HEAT_RNASEQ_PRJNA516762	heat_35C_2h_vs_control_12C	CGI_10002594	CGI_10002594	gene	Crassostrea gigas	GCA_000297895.1			unresolved	up	0.961372552661201	log2_fold_change					0.015987089882252	30	gill	juvenile	temperature	thermal_tolerance	Organism-level thermal-tolerance direction was not measured; molecular heat-response direction only	DESeq2_publication_FDR_le_0.05_FC_ge_1.5	published_significant_deg;standard_error_unavailable;raw_p_value_unavailable;legacy_identifier_unmapped	data/processed/CGIG_HEAT_RNASEQ_PRJNA516762_rnaseq.tsv	7e32d923cf416f0515c2dd9ae0230c0208bbe12705c50fd13da8c579651d5d36	0.1.0	2026-08-27	PRJNA516762;SRP181984;PMC6688261;31395030	stress_response
CGIG_HEAT_RNASEQ_PRJNA516762:51	CGIG_HEAT_RNASEQ_PRJNA516762	heat_35C_2h_vs_control_12C	CGI_10019614	CGI_10019614	gene	Crassostrea gigas	GCA_000297895.1			unresolved	up	0.960647763110229	log2_fold_change					0.0126180420496369	30	gill	juvenile	temperature	thermal_tolerance	Organism-level thermal-tolerance direction was not measured; molecular heat-response direction only	DESeq2_publication_FDR_le_0.05_FC_ge_1.5	published_significant_deg;standard_error_unavailable;raw_p_value_unavailable;legacy_identifier_unmapped	data/processed/CGIG_HEAT_RNASEQ_PRJNA516762_rnaseq.tsv	7e32d923cf416f0515c2dd9ae0230c0208bbe12705c50fd13da8c579651d5d36	0.1.0	2026-08-27	PRJNA516762;SRP181984;PMC6688261;31395030	stress_response
CGIG_HEAT_RNASEQ_PRJNA516762:52	CGIG_HEAT_RNASEQ_PRJNA516762	heat_35C_2h_vs_control_12C	CGI_10003417	CGI_10003417	gene	Crassostrea gigas	GCA_000297895.1			unresolved	up	0.951982074705871	log2_fold_change					0.0499018099172582	30	gill	juvenile	temperature	thermal_tolerance	Organism-level thermal-tolerance direction was not measured; molecular heat-response direction only	DESeq2_publication_FDR_le_0.05_FC_ge_1.5	published_significant_deg;standard_error_unavailable;raw_p_value_unavailable;legacy_identifier_unmapped	data/processed/CGIG_HEAT_RNASEQ_PRJNA516762_rnaseq.tsv	7e32d923cf416f0515c2dd9ae0230c0208bbe12705c50fd13da8c579651d5d36	0.1.0	2026-08-27	PRJNA516762;SRP181984;PMC6688261;31395030	stress_response
CGIG_HEAT_RNASEQ_PRJNA516762:53	CGIG_HEAT_RNASEQ_PRJNA516762	heat_35C_2h_vs_control_12C	CGI_10027667	CGI_10027667	gene	Crassostrea gigas	GCA_000297895.1			unresolved	up	0.943868412656804	log2_fold_change					0.015987089882252	30	gill	juvenile	temperature	thermal_tolerance	Organism-level thermal-tolerance direction was not measured; molecular heat-response direction only	DESeq2_publication_FDR_le_0.05_FC_ge_1.5	published_significant_deg;standard_error_unavailable;raw_p_value_unavailable;legacy_identifier_unmapped	data/processed/CGIG_HEAT_RNASEQ_PRJNA516762_rnaseq.tsv	7e32d923cf416f0515c2dd9ae0230c0208bbe12705c50fd13da8c579651d5d36	0.1.0	2026-08-27	PRJNA516762;SRP181984;PMC6688261;31395030	stress_response
CGIG_HEAT_RNASEQ_PRJNA516762:54	CGIG_HEAT_RNASEQ_PRJNA516762	heat_35C_2h_vs_control_12C	Crassostrea_gigas_newGene_35804	Crassostrea_gigas_newGene_35804	gene	Crassostrea gigas	GCA_000297895.1			unresolved	up	0.930584452902035	log2_fold_change					0.0019334512931859	30	gill	juvenile	temperature	thermal_tolerance	Organism-level thermal-tolerance direction was not measured; molecular heat-response direction only	DESeq2_publication_FDR_le_0.05_FC_ge_1.5	published_significant_deg;standard_error_unavailable;raw_p_value_unavailable;legacy_identifier_unmapped	data/processed/CGIG_HEAT_RNASEQ_PRJNA516762_rnaseq.tsv	7e32d923cf416f0515c2dd9ae0230c0208bbe12705c50fd13da8c579651d5d36	0.1.0	2026-08-27	PRJNA516762;SRP181984;PMC6688261;31395030	stress_response
CGIG_HEAT_RNASEQ_PRJNA516762:55	CGIG_HEAT_RNASEQ_PRJNA516762	heat_35C_2h_vs_control_12C	Crassostrea_gigas_newGene_11340	Crassostrea_gigas_newGene_11340	gene	Crassostrea gigas	GCA_000297895.1			unresolved	up	0.929518693836129	log2_fold_change					0.0150864455299852	30	gill	juvenile	temperature	thermal_tolerance	Organism-level thermal-tolerance direction was not measured; molecular heat-response direction only	DESeq2_publication_FDR_le_0.05_FC_ge_1.5	published_significant_deg;standard_error_unavailable;raw_p_value_unavailable;legacy_identifier_unmapped	data/processed/CGIG_HEAT_RNASEQ_PRJNA516762_rnaseq.tsv	7e32d923cf416f0515c2dd9ae0230c0208bbe12705c50fd13da8c579651d5d36	0.1.0	2026-08-27	PRJNA516762;SRP181984;PMC6688261;31395030	stress_response
CGIG_HEAT_RNASEQ_PRJNA516762:56	CGIG_HEAT_RNASEQ_PRJNA516762	heat_35C_2h_vs_control_12C	CGI_10005413	CGI_10005413	gene	Crassostrea gigas	GCA_000297895.1			unresolved	up	0.917143851138301	log2_fold_change					0.0417352854101084	30	gill	juvenile	temperature	thermal_tolerance	Organism-level thermal-tolerance direction was not measured; molecular heat-response direction only	DESeq2_publication_FDR_le_0.05_FC_ge_1.5	published_significant_deg;standard_error_unavailable;raw_p_value_unavailable;legacy_identifier_unmapped	data/processed/CGIG_HEAT_RNASEQ_PRJNA516762_rnaseq.tsv	7e32d923cf416f0515c2dd9ae0230c0208bbe12705c50fd13da8c579651d5d36	0.1.0	2026-08-27	PRJNA516762;SRP181984;PMC6688261;31395030	stress_response
CGIG_HEAT_RNASEQ_PRJNA516762:57	CGIG_HEAT_RNASEQ_PRJNA516762	heat_35C_2h_vs_control_12C	CGI_10022740	CGI_10022740	gene	Crassostrea gigas	GCA_000297895.1			unresolved	up	0.91592958899181	log2_fold_change					0.0248468259986172	30	gill	juvenile	temperature	thermal_tolerance	Organism-level thermal-tolerance direction was not measured; molecular heat-response direction only	DESeq2_publication_FDR_le_0.05_FC_ge_1.5	published_significant_deg;standard_error_unavailable;raw_p_value_unavailable;legacy_identifier_unmapped	data/processed/CGIG_HEAT_RNASEQ_PRJNA516762_rnaseq.tsv	7e32d923cf416f0515c2dd9ae0230c0208bbe12705c50fd13da8c579651d5d36	0.1.0	2026-08-27	PRJNA516762;SRP181984;PMC6688261;31395030	stress_response
CGIG_HEAT_RNASEQ_PRJNA516762:58	CGIG_HEAT_RNASEQ_PRJNA516762	heat_35C_2h_vs_control_12C	Crassostrea_gigas_newGene_2560	Crassostrea_gigas_newGene_2560	gene	Crassostrea gigas	GCA_000297895.1			unresolved	up	0.899650845412932	log2_fold_change					0.0399834910251239	30	gill	juvenile	temperature	thermal_tolerance	Organism-level thermal-tolerance direction was not measured; molecular heat-response direction only	DESeq2_publication_FDR_le_0.05_FC_ge_1.5	published_significant_deg;standard_error_unavailable;raw_p_value_unavailable;legacy_identifier_unmapped	data/processed/CGIG_HEAT_RNASEQ_PRJNA516762_rnaseq.tsv	7e32d923cf416f0515c2dd9ae0230c0208bbe12705c50fd13da8c579651d5d36	0.1.0	2026-08-27	PRJNA516762;SRP181984;PMC6688261;31395030	stress_response
CGIG_HEAT_RNASEQ_PRJNA516762:59	CGIG_HEAT_RNASEQ_PRJNA516762	heat_35C_2h_vs_control_12C	CGI_10017270	CGI_10017270	gene	Crassostrea gigas	GCA_000297895.1			unresolved	up	0.886099703080827	log2_fold_change					0.0047058142454582	30	gill	juvenile	temperature	thermal_tolerance	Organism-level thermal-tolerance direction was not measured; molecular heat-response direction only	DESeq2_publication_FDR_le_0.05_FC_ge_1.5	published_significant_deg;standard_error_unavailable;raw_p_value_unavailable;legacy_identifier_unmapped	data/processed/CGIG_HEAT_RNASEQ_PRJNA516762_rnaseq.tsv	7e32d923cf416f0515c2dd9ae0230c0208bbe12705c50fd13da8c579651d5d36	0.1.0	2026-08-27	PRJNA516762;SRP181984;PMC6688261;31395030	stress_response
CGIG_HEAT_RNASEQ_PRJNA516762:60	CGIG_HEAT_RNASEQ_PRJNA516762	heat_35C_2h_vs_control_12C	CGI_10025961	CGI_10025961	gene	Crassostrea gigas	GCA_000297895.1			unresolved	up	0.881914165091207	log2_fold_change					0.0271884751560982	30	gill	juvenile	temperature	thermal_tolerance	Organism-level thermal-tolerance direction was not measured; molecular heat-response direction only	DESeq2_publication_FDR_le_0.05_FC_ge_1.5	published_significant_deg;standard_error_unavailable;raw_p_value_unavailable;legacy_identifier_unmapped	data/processed/CGIG_HEAT_RNASEQ_PRJNA516762_rnaseq.tsv	7e32d923cf416f0515c2dd9ae0230c0208bbe12705c50fd13da8c579651d5d36	0.1.0	2026-08-27	PRJNA516762;SRP181984;PMC6688261;31395030	stress_response
CGIG_HEAT_RNASEQ_PRJNA516762:61	CGIG_HEAT_RNASEQ_PRJNA516762	heat_35C_2h_vs_control_12C	CGI_10021953	CGI_10021953	gene	Crassostrea gigas	GCA_000297895.1			unresolved	up	0.872486080788415	log2_fold_change					0.0372582860173497	30	gill	juvenile	temperature	thermal_tolerance	Organism-level thermal-tolerance direction was not measured; molecular heat-response direction only	DESeq2_publication_FDR_le_0.05_FC_ge_1.5	published_significant_deg;standard_error_unavailable;raw_p_value_unavailable;legacy_identifier_unmapped	data/processed/CGIG_HEAT_RNASEQ_PRJNA516762_rnaseq.tsv	7e32d923cf416f0515c2dd9ae0230c0208bbe12705c50fd13da8c579651d5d36	0.1.0	2026-08-27	PRJNA516762;SRP181984;PMC6688261;31395030	stress_response
CGIG_HEAT_RNASEQ_PRJNA516762:62	CGIG_HEAT_RNASEQ_PRJNA516762	heat_35C_2h_vs_control_12C	CGI_10000743	CGI_10000743	gene	Crassostrea gigas	GCA_000297895.1			unresolved	up	0.867262748146603	log2_fold_change					0.0005996575370394	30	gill	juvenile	temperature	thermal_tolerance	Organism-level thermal-tolerance direction was not measured; molecular heat-response direction only	DESeq2_publication_FDR_le_0.05_FC_ge_1.5	published_significant_deg;standard_error_unavailable;raw_p_value_unavailable;legacy_identifier_unmapped	data/processed/CGIG_HEAT_RNASEQ_PRJNA516762_rnaseq.tsv	7e32d923cf416f0515c2dd9ae0230c0208bbe12705c50fd13da8c579651d5d36	0.1.0	2026-08-27	PRJNA516762;SRP181984;PMC6688261;31395030	stress_response
CGIG_HEAT_RNASEQ_PRJNA516762:63	CGIG_HEAT_RNASEQ_PRJNA516762	heat_35C_2h_vs_control_12C	CGI_10024459	CGI_10024459	gene	Crassostrea gigas	GCA_000297895.1			unresolved	up	0.86287297889103	log2_fold_change					0.0319597129728178	30	gill	juvenile	temperature	thermal_tolerance	Organism-level thermal-tolerance direction was not measured; molecular heat-response direction only	DESeq2_publication_FDR_le_0.05_FC_ge_1.5	published_significant_deg;standard_error_unavailable;raw_p_value_unavailable;legacy_identifier_unmapped	data/processed/CGIG_HEAT_RNASEQ_PRJNA516762_rnaseq.tsv	7e32d923cf416f0515c2dd9ae0230c0208bbe12705c50fd13da8c579651d5d36	0.1.0	2026-08-27	PRJNA516762;SRP181984;PMC6688261;31395030	stress_response
CGIG_HEAT_RNASEQ_PRJNA516762:64	CGIG_HEAT_RNASEQ_PRJNA516762	heat_35C_2h_vs_control_12C	CGI_10022884	CGI_10022884	gene	Crassostrea gigas	GCA_000297895.1			unresolved	up	0.845988149745036	log2_fold_change					0.0038423587871549	30	gill	juvenile	temperature	thermal_tolerance	Organism-level thermal-tolerance direction was not measured; molecular heat-response direction only	DESeq2_publication_FDR_le_0.05_FC_ge_1.5	published_significant_deg;standard_error_unavailable;raw_p_value_unavailable;legacy_identifier_unmapped	data/processed/CGIG_HEAT_RNASEQ_PRJNA516762_rnaseq.tsv	7e32d923cf416f0515c2dd9ae0230c0208bbe12705c50fd13da8c579651d5d36	0.1.0	2026-08-27	PRJNA516762;SRP181984;PMC6688261;31395030	stress_response
CGIG_HEAT_RNASEQ_PRJNA516762:65	CGIG_HEAT_RNASEQ_PRJNA516762	heat_35C_2h_vs_control_12C	CGI_10011513	CGI_10011513	gene	Crassostrea gigas	GCA_000297895.1			unresolved	up	0.839371052594848	log2_fold_change					0.0323888993743929	30	gill	juvenile	temperature	thermal_tolerance	Organism-level thermal-tolerance direction was not measured; molecular heat-response direction only	DESeq2_publication_FDR_le_0.05_FC_ge_1.5	published_significant_deg;standard_error_unavailable;raw_p_value_unavailable;legacy_identifier_unmapped	data/processed/CGIG_HEAT_RNASEQ_PRJNA516762_rnaseq.tsv	7e32d923cf416f0515c2dd9ae0230c0208bbe12705c50fd13da8c579651d5d36	0.1.0	2026-08-27	PRJNA516762;SRP181984;PMC6688261;31395030	stress_response
CGIG_HEAT_RNASEQ_PRJNA516762:66	CGIG_HEAT_RNASEQ_PRJNA516762	heat_35C_2h_vs_control_12C	CGI_10023822	CGI_10023822	gene	Crassostrea gigas	GCA_000297895.1			unresolved	up	0.824129638711445	log2_fold_change					1.2094514285e-06	30	gill	juvenile	temperature	thermal_tolerance	Organism-level thermal-tolerance direction was not measured; molecular heat-response direction only	DESeq2_publication_FDR_le_0.05_FC_ge_1.5	published_significant_deg;standard_error_unavailable;raw_p_value_unavailable;legacy_identifier_unmapped	data/processed/CGIG_HEAT_RNASEQ_PRJNA516762_rnaseq.tsv	7e32d923cf416f0515c2dd9ae0230c0208bbe12705c50fd13da8c579651d5d36	0.1.0	2026-08-27	PRJNA516762;SRP181984;PMC6688261;31395030	stress_response
CGIG_HEAT_RNASEQ_PRJNA516762:67	CGIG_HEAT_RNASEQ_PRJNA516762	heat_35C_2h_vs_control_12C	CGI_10022003	CGI_10022003	gene	Crassostrea gigas	GCA_000297895.1			unresolved	up	0.823639639057308	log2_fold_change					0.0015060644690798	30	gill	juvenile	temperature	thermal_tolerance	Organism-level thermal-tolerance direction was not measured; molecular heat-response direction only	DESeq2_publication_FDR_le_0.05_FC_ge_1.5	published_significant_deg;standard_error_unavailable;raw_p_value_unavailable;legacy_identifier_unmapped	data/processed/CGIG_HEAT_RNASEQ_PRJNA516762_rnaseq.tsv	7e32d923cf416f0515c2dd9ae0230c0208bbe12705c50fd13da8c579651d5d36	0.1.0	2026-08-27	PRJNA516762;SRP181984;PMC6688261;31395030	stress_response
CGIG_HEAT_RNASEQ_PRJNA516762:68	CGIG_HEAT_RNASEQ_PRJNA516762	heat_35C_2h_vs_control_12C	CGI_10015364	CGI_10015364	gene	Crassostrea gigas	GCA_000297895.1			unresolved	up	0.757021074089616	log2_fold_change					0.0286820170002523	30	gill	juvenile	temperature	thermal_tolerance	Organism-level thermal-tolerance direction was not measured; molecular heat-response direction only	DESeq2_publication_FDR_le_0.05_FC_ge_1.5	published_significant_deg;standard_error_unavailable;raw_p_value_unavailable;legacy_identifier_unmapped	data/processed/CGIG_HEAT_RNASEQ_PRJNA516762_rnaseq.tsv	7e32d923cf416f0515c2dd9ae0230c0208bbe12705c50fd13da8c579651d5d36	0.1.0	2026-08-27	PRJNA516762;SRP181984;PMC6688261;31395030	stress_response
CGIG_HEAT_RNASEQ_PRJNA516762:69	CGIG_HEAT_RNASEQ_PRJNA516762	heat_35C_2h_vs_control_12C	CGI_10006400	CGI_10006400	gene	Crassostrea gigas	GCA_000297895.1			unresolved	up	0.745023932026519	log2_fold_change					0.0141512867028748	30	gill	juvenile	temperature	thermal_tolerance	Organism-level thermal-tolerance direction was not measured; molecular heat-response direction only	DESeq2_publication_FDR_le_0.05_FC_ge_1.5	published_significant_deg;standard_error_unavailable;raw_p_value_unavailable;legacy_identifier_unmapped	data/processed/CGIG_HEAT_RNASEQ_PRJNA516762_rnaseq.tsv	7e32d923cf416f0515c2dd9ae0230c0208bbe12705c50fd13da8c579651d5d36	0.1.0	2026-08-27	PRJNA516762;SRP181984;PMC6688261;31395030	stress_response
CGIG_HEAT_RNASEQ_PRJNA516762:70	CGIG_HEAT_RNASEQ_PRJNA516762	heat_35C_2h_vs_control_12C	Crassostrea_gigas_newGene_35755	Crassostrea_gigas_newGene_35755	gene	Crassostrea gigas	GCA_000297895.1			unresolved	up	0.701395172537801	log2_fold_change					0.0464527341681585	30	gill	juvenile	temperature	thermal_tolerance	Organism-level thermal-tolerance direction was not measured; molecular heat-response direction only	DESeq2_publication_FDR_le_0.05_FC_ge_1.5	published_significant_deg;standard_error_unavailable;raw_p_value_unavailable;legacy_identifier_unmapped	data/processed/CGIG_HEAT_RNASEQ_PRJNA516762_rnaseq.tsv	7e32d923cf416f0515c2dd9ae0230c0208bbe12705c50fd13da8c579651d5d36	0.1.0	2026-08-27	PRJNA516762;SRP181984;PMC6688261;31395030	stress_response
CGIG_HEAT_RNASEQ_PRJNA516762:71	CGIG_HEAT_RNASEQ_PRJNA516762	heat_35C_2h_vs_control_12C	Crassostrea_gigas_newGene_3329	Crassostrea_gigas_newGene_3329	gene	Crassostrea gigas	GCA_000297895.1			unresolved	up	0.692359870811674	log2_fold_change					0.035228166606498	30	gill	juvenile	temperature	thermal_tolerance	Organism-level thermal-tolerance direction was not measured; molecular heat-response direction only	DESeq2_publication_FDR_le_0.05_FC_ge_1.5	published_significant_deg;standard_error_unavailable;raw_p_value_unavailable;legacy_identifier_unmapped	data/processed/CGIG_HEAT_RNASEQ_PRJNA516762_rnaseq.tsv	7e32d923cf416f0515c2dd9ae0230c0208bbe12705c50fd13da8c579651d5d36	0.1.0	2026-08-27	PRJNA516762;SRP181984;PMC6688261;31395030	stress_response
CGIG_HEAT_RNASEQ_PRJNA516762:72	CGIG_HEAT_RNASEQ_PRJNA516762	heat_35C_2h_vs_control_12C	CGI_10018833	CGI_10018833	gene	Crassostrea gigas	GCA_000297895.1			unresolved	up	0.670908983209324	log2_fold_change					0.0170925626406661	30	gill	juvenile	temperature	thermal_tolerance	Organism-level thermal-tolerance direction was not measured; molecular heat-response direction only	DESeq2_publication_FDR_le_0.05_FC_ge_1.5	published_significant_deg;standard_error_unavailable;raw_p_value_unavailable;legacy_identifier_unmapped	data/processed/CGIG_HEAT_RNASEQ_PRJNA516762_rnaseq.tsv	7e32d923cf416f0515c2dd9ae0230c0208bbe12705c50fd13da8c579651d5d36	0.1.0	2026-08-27	PRJNA516762;SRP181984;PMC6688261;31395030	stress_response
CGIG_HEAT_RNASEQ_PRJNA516762:73	CGIG_HEAT_RNASEQ_PRJNA516762	heat_35C_2h_vs_control_12C	CGI_10026304	CGI_10026304	gene	Crassostrea gigas	GCA_000297895.1			unresolved	up	0.66337519861448	log2_fold_change					3.40747219395e-05	30	gill	juvenile	temperature	thermal_tolerance	Organism-level thermal-tolerance direction was not measured; molecular heat-response direction only	DESeq2_publication_FDR_le_0.05_FC_ge_1.5	published_significant_deg;standard_error_unavailable;raw_p_value_unavailable;legacy_identifier_unmapped	data/processed/CGIG_HEAT_RNASEQ_PRJNA516762_rnaseq.tsv	7e32d923cf416f0515c2dd9ae0230c0208bbe12705c50fd13da8c579651d5d36	0.1.0	2026-08-27	PRJNA516762;SRP181984;PMC6688261;31395030	stress_response
CGIG_HEAT_RNASEQ_PRJNA516762:74	CGIG_HEAT_RNASEQ_PRJNA516762	heat_35C_2h_vs_control_12C	CGI_10009013	CGI_10009013	gene	Crassostrea gigas	GCA_000297895.1			unresolved	up	0.651128031787295	log2_fold_change					1.43953199413143e-07	30	gill	juvenile	temperature	thermal_tolerance	Organism-level thermal-tolerance direction was not measured; molecular heat-response direction only	DESeq2_publication_FDR_le_0.05_FC_ge_1.5	published_significant_deg;standard_error_unavailable;raw_p_value_unavailable;legacy_identifier_unmapped	data/processed/CGIG_HEAT_RNASEQ_PRJNA516762_rnaseq.tsv	7e32d923cf416f0515c2dd9ae0230c0208bbe12705c50fd13da8c579651d5d36	0.1.0	2026-08-27	PRJNA516762;SRP181984;PMC6688261;31395030	stress_response
CGIG_HEAT_RNASEQ_PRJNA516762:75	CGIG_HEAT_RNASEQ_PRJNA516762	heat_35C_2h_vs_control_12C	CGI_10015297	CGI_10015297	gene	Crassostrea gigas	GCA_000297895.1			unresolved	up	0.611608376278604	log2_fold_change					0.0320381841399734	30	gill	juvenile	temperature	thermal_tolerance	Organism-level thermal-tolerance direction was not measured; molecular heat-response direction only	DESeq2_publication_FDR_le_0.05_FC_ge_1.5	published_significant_deg;standard_error_unavailable;raw_p_value_unavailable;legacy_identifier_unmapped	data/processed/CGIG_HEAT_RNASEQ_PRJNA516762_rnaseq.tsv	7e32d923cf416f0515c2dd9ae0230c0208bbe12705c50fd13da8c579651d5d36	0.1.0	2026-08-27	PRJNA516762;SRP181984;PMC6688261;31395030	stress_response
CGIG_HEAT_RNASEQ_PRJNA516762:76	CGIG_HEAT_RNASEQ_PRJNA516762	heat_35C_2h_vs_control_12C	CGI_10007836	CGI_10007836	gene	Crassostrea gigas	GCA_000297895.1			unresolved	up	0.588221957744014	log2_fold_change					0.0218251234649726	30	gill	juvenile	temperature	thermal_tolerance	Organism-level thermal-tolerance direction was not measured; molecular heat-response direction only	DESeq2_publication_FDR_le_0.05_FC_ge_1.5	published_significant_deg;standard_error_unavailable;raw_p_value_unavailable;legacy_identifier_unmapped	data/processed/CGIG_HEAT_RNASEQ_PRJNA516762_rnaseq.tsv	7e32d923cf416f0515c2dd9ae0230c0208bbe12705c50fd13da8c579651d5d36	0.1.0	2026-08-27	PRJNA516762;SRP181984;PMC6688261;31395030	stress_response
CGIG_HEAT_RNASEQ_PRJNA516762:77	CGIG_HEAT_RNASEQ_PRJNA516762	heat_35C_2h_vs_control_12C	CGI_10024254	CGI_10024254	gene	Crassostrea gigas	GCA_000297895.1			unresolved	down	-0.619765253631797	log2_fold_change					0.0316262229088409	30	gill	juvenile	temperature	thermal_tolerance	Organism-level thermal-tolerance direction was not measured; molecular heat-response direction only	DESeq2_publication_FDR_le_0.05_FC_ge_1.5	published_significant_deg;standard_error_unavailable;raw_p_value_unavailable;legacy_identifier_unmapped	data/processed/CGIG_HEAT_RNASEQ_PRJNA516762_rnaseq.tsv	7e32d923cf416f0515c2dd9ae0230c0208bbe12705c50fd13da8c579651d5d36	0.1.0	2026-08-27	PRJNA516762;SRP181984;PMC6688261;31395030	stress_response
CGIG_HEAT_RNASEQ_PRJNA516762:78	CGIG_HEAT_RNASEQ_PRJNA516762	heat_35C_2h_vs_control_12C	CGI_10022807	CGI_10022807	gene	Crassostrea gigas	GCA_000297895.1			unresolved	down	-0.632389537578046	log2_fold_change					0.0320381841399734	30	gill	juvenile	temperature	thermal_tolerance	Organism-level thermal-tolerance direction was not measured; molecular heat-response direction only	DESeq2_publication_FDR_le_0.05_FC_ge_1.5	published_significant_deg;standard_error_unavailable;raw_p_value_unavailable;legacy_identifier_unmapped	data/processed/CGIG_HEAT_RNASEQ_PRJNA516762_rnaseq.tsv	7e32d923cf416f0515c2dd9ae0230c0208bbe12705c50fd13da8c579651d5d36	0.1.0	2026-08-27	PRJNA516762;SRP181984;PMC6688261;31395030	stress_response
CGIG_HEAT_RNASEQ_PRJNA516762:79	CGIG_HEAT_RNASEQ_PRJNA516762	heat_35C_2h_vs_control_12C	CGI_10014469	CGI_10014469	gene	Crassostrea gigas	GCA_000297895.1			unresolved	down	-0.632479702677402	log2_fold_change					0.0030617253712428	30	gill	juvenile	temperature	thermal_tolerance	Organism-level thermal-tolerance direction was not measured; molecular heat-response direction only	DESeq2_publication_FDR_le_0.05_FC_ge_1.5	published_significant_deg;standard_error_unavailable;raw_p_value_unavailable;legacy_identifier_unmapped	data/processed/CGIG_HEAT_RNASEQ_PRJNA516762_rnaseq.tsv	7e32d923cf416f0515c2dd9ae0230c0208bbe12705c50fd13da8c579651d5d36	0.1.0	2026-08-27	PRJNA516762;SRP181984;PMC6688261;31395030	stress_response
CGIG_HEAT_RNASEQ_PRJNA516762:80	CGIG_HEAT_RNASEQ_PRJNA516762	heat_35C_2h_vs_control_12C	CGI_10009338	CGI_10009338	gene	Crassostrea gigas	GCA_000297895.1			unresolved	down	-0.642483425350301	log2_fold_change					0.0213192908702507	30	gill	juvenile	temperature	thermal_tolerance	Organism-level thermal-tolerance direction was not measured; molecular heat-response direction only	DESeq2_publication_FDR_le_0.05_FC_ge_1.5	published_significant_deg;standard_error_unavailable;raw_p_value_unavailable;legacy_identifier_unmapped	data/processed/CGIG_HEAT_RNASEQ_PRJNA516762_rnaseq.tsv	7e32d923cf416f0515c2dd9ae0230c0208bbe12705c50fd13da8c579651d5d36	0.1.0	2026-08-27	PRJNA516762;SRP181984;PMC6688261;31395030	stress_response
CGIG_HEAT_RNASEQ_PRJNA516762:81	CGIG_HEAT_RNASEQ_PRJNA516762	heat_35C_2h_vs_control_12C	CGI_10007171	CGI_10007171	gene	Crassostrea gigas	GCA_000297895.1			unresolved	down	-0.702081559128129	log2_fold_change					0.0153998030425751	30	gill	juvenile	temperature	thermal_tolerance	Organism-level thermal-tolerance direction was not measured; molecular heat-response direction only	DESeq2_publication_FDR_le_0.05_FC_ge_1.5	published_significant_deg;standard_error_unavailable;raw_p_value_unavailable;legacy_identifier_unmapped	data/processed/CGIG_HEAT_RNASEQ_PRJNA516762_rnaseq.tsv	7e32d923cf416f0515c2dd9ae0230c0208bbe12705c50fd13da8c579651d5d36	0.1.0	2026-08-27	PRJNA516762;SRP181984;PMC6688261;31395030	stress_response
CGIG_HEAT_RNASEQ_PRJNA516762:82	CGIG_HEAT_RNASEQ_PRJNA516762	heat_35C_2h_vs_control_12C	CGI_10003377	CGI_10003377	gene	Crassostrea gigas	GCA_000297895.1			unresolved	down	-0.702402267118393	log2_fold_change					0.0236833911886571	30	gill	juvenile	temperature	thermal_tolerance	Organism-level thermal-tolerance direction was not measured; molecular heat-response direction only	DESeq2_publication_FDR_le_0.05_FC_ge_1.5	published_significant_deg;standard_error_unavailable;raw_p_value_unavailable;legacy_identifier_unmapped	data/processed/CGIG_HEAT_RNASEQ_PRJNA516762_rnaseq.tsv	7e32d923cf416f0515c2dd9ae0230c0208bbe12705c50fd13da8c579651d5d36	0.1.0	2026-08-27	PRJNA516762;SRP181984;PMC6688261;31395030	stress_response
CGIG_HEAT_RNASEQ_PRJNA516762:83	CGIG_HEAT_RNASEQ_PRJNA516762	heat_35C_2h_vs_control_12C	CGI_10017120	CGI_10017120	gene	Crassostrea gigas	GCA_000297895.1			unresolved	down	-0.728442287759918	log2_fold_change					0.0320583610378001	30	gill	juvenile	temperature	thermal_tolerance	Organism-level thermal-tolerance direction was not measured; molecular heat-response direction only	DESeq2_publication_FDR_le_0.05_FC_ge_1.5	published_significant_deg;standard_error_unavailable;raw_p_value_unavailable;legacy_identifier_unmapped	data/processed/CGIG_HEAT_RNASEQ_PRJNA516762_rnaseq.tsv	7e32d923cf416f0515c2dd9ae0230c0208bbe12705c50fd13da8c579651d5d36	0.1.0	2026-08-27	PRJNA516762;SRP181984;PMC6688261;31395030	stress_response
CGIG_HEAT_RNASEQ_PRJNA516762:84	CGIG_HEAT_RNASEQ_PRJNA516762	heat_35C_2h_vs_control_12C	CGI_10001400	CGI_10001400	gene	Crassostrea gigas	GCA_000297895.1			unresolved	down	-0.750250782898193	log2_fold_change					0.0170925626406661	30	gill	juvenile	temperature	thermal_tolerance	Organism-level thermal-tolerance direction was not measured; molecular heat-response direction only	DESeq2_publication_FDR_le_0.05_FC_ge_1.5	published_significant_deg;standard_error_unavailable;raw_p_value_unavailable;legacy_identifier_unmapped	data/processed/CGIG_HEAT_RNASEQ_PRJNA516762_rnaseq.tsv	7e32d923cf416f0515c2dd9ae0230c0208bbe12705c50fd13da8c579651d5d36	0.1.0	2026-08-27	PRJNA516762;SRP181984;PMC6688261;31395030	stress_response
CGIG_HEAT_RNASEQ_PRJNA516762:85	CGIG_HEAT_RNASEQ_PRJNA516762	heat_35C_2h_vs_control_12C	CGI_10012532	CGI_10012532	gene	Crassostrea gigas	GCA_000297895.1			unresolved	down	-0.772268428358728	log2_fold_change					0.035228166606498	30	gill	juvenile	temperature	thermal_tolerance	Organism-level thermal-tolerance direction was not measured; molecular heat-response direction only	DESeq2_publication_FDR_le_0.05_FC_ge_1.5	published_significant_deg;standard_error_unavailable;raw_p_value_unavailable;legacy_identifier_unmapped	data/processed/CGIG_HEAT_RNASEQ_PRJNA516762_rnaseq.tsv	7e32d923cf416f0515c2dd9ae0230c0208bbe12705c50fd13da8c579651d5d36	0.1.0	2026-08-27	PRJNA516762;SRP181984;PMC6688261;31395030	stress_response
CGIG_HEAT_RNASEQ_PRJNA516762:86	CGIG_HEAT_RNASEQ_PRJNA516762	heat_35C_2h_vs_control_12C	CGI_10008158	CGI_10008158	gene	Crassostrea gigas	GCA_000297895.1			unresolved	down	-0.813485591180958	log2_fold_change					0.0160417539825921	30	gill	juvenile	temperature	thermal_tolerance	Organism-level thermal-tolerance direction was not measured; molecular heat-response direction only	DESeq2_publication_FDR_le_0.05_FC_ge_1.5	published_significant_deg;standard_error_unavailable;raw_p_value_unavailable;legacy_identifier_unmapped	data/processed/CGIG_HEAT_RNASEQ_PRJNA516762_rnaseq.tsv	7e32d923cf416f0515c2dd9ae0230c0208bbe12705c50fd13da8c579651d5d36	0.1.0	2026-08-27	PRJNA516762;SRP181984;PMC6688261;31395030	stress_response
CGIG_HEAT_RNASEQ_PRJNA516762:87	CGIG_HEAT_RNASEQ_PRJNA516762	heat_35C_2h_vs_control_12C	CGI_10021245	CGI_10021245	gene	Crassostrea gigas	GCA_000297895.1			unresolved	down	-0.832093803350336	log2_fold_change					0.0425546049080369	30	gill	juvenile	temperature	thermal_tolerance	Organism-level thermal-tolerance direction was not measured; molecular heat-response direction only	DESeq2_publication_FDR_le_0.05_FC_ge_1.5	published_significant_deg;standard_error_unavailable;raw_p_value_unavailable;legacy_identifier_unmapped	data/processed/CGIG_HEAT_RNASEQ_PRJNA516762_rnaseq.tsv	7e32d923cf416f0515c2dd9ae0230c0208bbe12705c50fd13da8c579651d5d36	0.1.0	2026-08-27	PRJNA516762;SRP181984;PMC6688261;31395030	stress_response
CGIG_HEAT_RNASEQ_PRJNA516762:88	CGIG_HEAT_RNASEQ_PRJNA516762	heat_35C_2h_vs_control_12C	CGI_10004826	CGI_10004826	gene	Crassostrea gigas	GCA_000297895.1			unresolved	down	-0.838250280427413	log2_fold_change					0.0180646405315624	30	gill	juvenile	temperature	thermal_tolerance	Organism-level thermal-tolerance direction was not measured; molecular heat-response direction only	DESeq2_publication_FDR_le_0.05_FC_ge_1.5	published_significant_deg;standard_error_unavailable;raw_p_value_unavailable;legacy_identifier_unmapped	data/processed/CGIG_HEAT_RNASEQ_PRJNA516762_rnaseq.tsv	7e32d923cf416f0515c2dd9ae0230c0208bbe12705c50fd13da8c579651d5d36	0.1.0	2026-08-27	PRJNA516762;SRP181984;PMC6688261;31395030	stress_response
CGIG_HEAT_RNASEQ_PRJNA516762:89	CGIG_HEAT_RNASEQ_PRJNA516762	heat_35C_2h_vs_control_12C	CGI_10007659	CGI_10007659	gene	Crassostrea gigas	GCA_000297895.1			unresolved	down	-0.869431351492647	log2_fold_change					0.0087281781458689	30	gill	juvenile	temperature	thermal_tolerance	Organism-level thermal-tolerance direction was not measured; molecular heat-response direction only	DESeq2_publication_FDR_le_0.05_FC_ge_1.5	published_significant_deg;standard_error_unavailable;raw_p_value_unavailable;legacy_identifier_unmapped	data/processed/CGIG_HEAT_RNASEQ_PRJNA516762_rnaseq.tsv	7e32d923cf416f0515c2dd9ae0230c0208bbe12705c50fd13da8c579651d5d36	0.1.0	2026-08-27	PRJNA516762;SRP181984;PMC6688261;31395030	stress_response
CGIG_HEAT_RNASEQ_PRJNA516762:90	CGIG_HEAT_RNASEQ_PRJNA516762	heat_35C_2h_vs_control_12C	CGI_10013942	CGI_10013942	gene	Crassostrea gigas	GCA_000297895.1			unresolved	down	-0.869857451467915	log2_fold_change					0.007878074569664	30	gill	juvenile	temperature	thermal_tolerance	Organism-level thermal-tolerance direction was not measured; molecular heat-response direction only	DESeq2_publication_FDR_le_0.05_FC_ge_1.5	published_significant_deg;standard_error_unavailable;raw_p_value_unavailable;legacy_identifier_unmapped	data/processed/CGIG_HEAT_RNASEQ_PRJNA516762_rnaseq.tsv	7e32d923cf416f0515c2dd9ae0230c0208bbe12705c50fd13da8c579651d5d36	0.1.0	2026-08-27	PRJNA516762;SRP181984;PMC6688261;31395030	stress_response
CGIG_HEAT_RNASEQ_PRJNA516762:91	CGIG_HEAT_RNASEQ_PRJNA516762	heat_35C_2h_vs_control_12C	Crassostrea_gigas_newGene_30349	Crassostrea_gigas_newGene_30349	gene	Crassostrea gigas	GCA_000297895.1			unresolved	down	-0.889900796665426	log2_fold_change					0.0279786528620356	30	gill	juvenile	temperature	thermal_tolerance	Organism-level thermal-tolerance direction was not measured; molecular heat-response direction only	DESeq2_publication_FDR_le_0.05_FC_ge_1.5	published_significant_deg;standard_error_unavailable;raw_p_value_unavailable;legacy_identifier_unmapped	data/processed/CGIG_HEAT_RNASEQ_PRJNA516762_rnaseq.tsv	7e32d923cf416f0515c2dd9ae0230c0208bbe12705c50fd13da8c579651d5d36	0.1.0	2026-08-27	PRJNA516762;SRP181984;PMC6688261;31395030	stress_response
CGIG_HEAT_RNASEQ_PRJNA516762:92	CGIG_HEAT_RNASEQ_PRJNA516762	heat_35C_2h_vs_control_12C	Crassostrea_gigas_newGene_5827	Crassostrea_gigas_newGene_5827	gene	Crassostrea gigas	GCA_000297895.1			unresolved	down	-0.890253056815539	log2_fold_change					0.028553410973906	30	gill	juvenile	temperature	thermal_tolerance	Organism-level thermal-tolerance direction was not measured; molecular heat-response direction only	DESeq2_publication_FDR_le_0.05_FC_ge_1.5	published_significant_deg;standard_error_unavailable;raw_p_value_unavailable;legacy_identifier_unmapped	data/processed/CGIG_HEAT_RNASEQ_PRJNA516762_rnaseq.tsv	7e32d923cf416f0515c2dd9ae0230c0208bbe12705c50fd13da8c579651d5d36	0.1.0	2026-08-27	PRJNA516762;SRP181984;PMC6688261;31395030	stress_response
CGIG_HEAT_RNASEQ_PRJNA516762:93	CGIG_HEAT_RNASEQ_PRJNA516762	heat_35C_2h_vs_control_12C	Crassostrea_gigas_newGene_36459	Crassostrea_gigas_newGene_36459	gene	Crassostrea gigas	GCA_000297895.1			unresolved	down	-0.911251158592109	log2_fold_change					0.0042749395151693	30	gill	juvenile	temperature	thermal_tolerance	Organism-level thermal-tolerance direction was not measured; molecular heat-response direction only	DESeq2_publication_FDR_le_0.05_FC_ge_1.5	published_significant_deg;standard_error_unavailable;raw_p_value_unavailable;legacy_identifier_unmapped	data/processed/CGIG_HEAT_RNASEQ_PRJNA516762_rnaseq.tsv	7e32d923cf416f0515c2dd9ae0230c0208bbe12705c50fd13da8c579651d5d36	0.1.0	2026-08-27	PRJNA516762;SRP181984;PMC6688261;31395030	stress_response
CGIG_HEAT_RNASEQ_PRJNA516762:94	CGIG_HEAT_RNASEQ_PRJNA516762	heat_35C_2h_vs_control_12C	Crassostrea_gigas_newGene_25568	Crassostrea_gigas_newGene_25568	gene	Crassostrea gigas	GCA_000297895.1			unresolved	down	-0.921721013566753	log2_fold_change					0.0395784103513556	30	gill	juvenile	temperature	thermal_tolerance	Organism-level thermal-tolerance direction was not measured; molecular heat-response direction only	DESeq2_publication_FDR_le_0.05_FC_ge_1.5	published_significant_deg;standard_error_unavailable;raw_p_value_unavailable;legacy_identifier_unmapped	data/processed/CGIG_HEAT_RNASEQ_PRJNA516762_rnaseq.tsv	7e32d923cf416f0515c2dd9ae0230c0208bbe12705c50fd13da8c579651d5d36	0.1.0	2026-08-27	PRJNA516762;SRP181984;PMC6688261;31395030	stress_response
CGIG_HEAT_RNASEQ_PRJNA516762:95	CGIG_HEAT_RNASEQ_PRJNA516762	heat_35C_2h_vs_control_12C	Crassostrea_gigas_newGene_39776	Crassostrea_gigas_newGene_39776	gene	Crassostrea gigas	GCA_000297895.1			unresolved	down	-0.928480480707543	log2_fold_change					0.0012457284920633	30	gill	juvenile	temperature	thermal_tolerance	Organism-level thermal-tolerance direction was not measured; molecular heat-response direction only	DESeq2_publication_FDR_le_0.05_FC_ge_1.5	published_significant_deg;standard_error_unavailable;raw_p_value_unavailable;legacy_identifier_unmapped	data/processed/CGIG_HEAT_RNASEQ_PRJNA516762_rnaseq.tsv	7e32d923cf416f0515c2dd9ae0230c0208bbe12705c50fd13da8c579651d5d36	0.1.0	2026-08-27	PRJNA516762;SRP181984;PMC6688261;31395030	stress_response
CGIG_HEAT_RNASEQ_PRJNA516762:96	CGIG_HEAT_RNASEQ_PRJNA516762	heat_35C_2h_vs_control_12C	CGI_10010795	CGI_10010795	gene	Crassostrea gigas	GCA_000297895.1			unresolved	down	-0.970880732435848	log2_fold_change					0.0442394069740856	30	gill	juvenile	temperature	thermal_tolerance	Organism-level thermal-tolerance direction was not measured; molecular heat-response direction only	DESeq2_publication_FDR_le_0.05_FC_ge_1.5	published_significant_deg;standard_error_unavailable;raw_p_value_unavailable;legacy_identifier_unmapped	data/processed/CGIG_HEAT_RNASEQ_PRJNA516762_rnaseq.tsv	7e32d923cf416f0515c2dd9ae0230c0208bbe12705c50fd13da8c579651d5d36	0.1.0	2026-08-27	PRJNA516762;SRP181984;PMC6688261;31395030	stress_response
CGIG_HEAT_RNASEQ_PRJNA516762:97	CGIG_HEAT_RNASEQ_PRJNA516762	heat_35C_2h_vs_control_12C	Crassostrea_gigas_newGene_33204	Crassostrea_gigas_newGene_33204	gene	Crassostrea gigas	GCA_000297895.1			unresolved	down	-0.983169663756206	log2_fold_change					0.0042949503050316	30	gill	juvenile	temperature	thermal_tolerance	Organism-level thermal-tolerance direction was not measured; molecular heat-response direction only	DESeq2_publication_FDR_le_0.05_FC_ge_1.5	published_significant_deg;standard_error_unavailable;raw_p_value_unavailable;legacy_identifier_unmapped	data/processed/CGIG_HEAT_RNASEQ_PRJNA516762_rnaseq.tsv	7e32d923cf416f0515c2dd9ae0230c0208bbe12705c50fd13da8c579651d5d36	0.1.0	2026-08-27	PRJNA516762;SRP181984;PMC6688261;31395030	stress_response
CGIG_HEAT_RNASEQ_PRJNA516762:98	CGIG_HEAT_RNASEQ_PRJNA516762	heat_35C_2h_vs_control_12C	CGI_10016873	CGI_10016873	gene	Crassostrea gigas	GCA_000297895.1			unresolved	down	-0.986235423106033	log2_fold_change					0.0002682360944464	30	gill	juvenile	temperature	thermal_tolerance	Organism-level thermal-tolerance direction was not measured; molecular heat-response direction only	DESeq2_publication_FDR_le_0.05_FC_ge_1.5	published_significant_deg;standard_error_unavailable;raw_p_value_unavailable;legacy_identifier_unmapped	data/processed/CGIG_HEAT_RNASEQ_PRJNA516762_rnaseq.tsv	7e32d923cf416f0515c2dd9ae0230c0208bbe12705c50fd13da8c579651d5d36	0.1.0	2026-08-27	PRJNA516762;SRP181984;PMC6688261;31395030	stress_response
CGIG_HEAT_RNASEQ_PRJNA516762:99	CGIG_HEAT_RNASEQ_PRJNA516762	heat_35C_2h_vs_control_12C	Crassostrea_gigas_newGene_4961	Crassostrea_gigas_newGene_4961	gene	Crassostrea gigas	GCA_000297895.1			unresolved	down	-0.997992046009189	log2_fold_change					0.0065925110015674	30	gill	juvenile	temperature	thermal_tolerance	Organism-level thermal-tolerance direction was not measured; molecular heat-response direction only	DESeq2_publication_FDR_le_0.05_FC_ge_1.5	published_significant_deg;standard_error_unavailable;raw_p_value_unavailable;legacy_identifier_unmapped	data/processed/CGIG_HEAT_RNASEQ_PRJNA516762_rnaseq.tsv	7e32d923cf416f0515c2dd9ae0230c0208bbe12705c50fd13da8c579651d5d36	0.1.0	2026-08-27	PRJNA516762;SRP181984;PMC6688261;31395030	stress_response
CGIG_HEAT_RNASEQ_PRJNA516762:100	CGIG_HEAT_RNASEQ_PRJNA516762	heat_35C_2h_vs_control_12C	Crassostrea_gigas_newGene_5042	Crassostrea_gigas_newGene_5042	gene	Crassostrea gigas	GCA_000297895.1			unresolved	down	-1.00375501026339	log2_fold_change					0.0355210418769769	30	gill	juvenile	temperature	thermal_tolerance	Organism-level thermal-tolerance direction was not measured; molecular heat-response direction only	DESeq2_publication_FDR_le_0.05_FC_ge_1.5	published_significant_deg;standard_error_unavailable;raw_p_value_unavailable;legacy_identifier_unmapped	data/processed/CGIG_HEAT_RNASEQ_PRJNA516762_rnaseq.tsv	7e32d923cf416f0515c2dd9ae0230c0208bbe12705c50fd13da8c579651d5d36	0.1.0	2026-08-27	PRJNA516762;SRP181984;PMC6688261;31395030	stress_response
CGIG_HEAT_RNASEQ_PRJNA516762:101	CGIG_HEAT_RNASEQ_PRJNA516762	heat_35C_2h_vs_control_12C	Crassostrea_gigas_newGene_24150	Crassostrea_gigas_newGene_24150	gene	Crassostrea gigas	GCA_000297895.1			unresolved	down	-1.02061540214953	log2_fold_change					0.0150864455299852	30	gill	juvenile	temperature	thermal_tolerance	Organism-level thermal-tolerance direction was not measured; molecular heat-response direction only	DESeq2_publication_FDR_le_0.05_FC_ge_1.5	published_significant_deg;standard_error_unavailable;raw_p_value_unavailable;legacy_identifier_unmapped	data/processed/CGIG_HEAT_RNASEQ_PRJNA516762_rnaseq.tsv	7e32d923cf416f0515c2dd9ae0230c0208bbe12705c50fd13da8c579651d5d36	0.1.0	2026-08-27	PRJNA516762;SRP181984;PMC6688261;31395030	stress_response
CGIG_HEAT_RNASEQ_PRJNA516762:102	CGIG_HEAT_RNASEQ_PRJNA516762	heat_35C_2h_vs_control_12C	CGI_10028184	CGI_10028184	gene	Crassostrea gigas	GCA_000297895.1			unresolved	down	-1.04163142532725	log2_fold_change					0.0009751741217483	30	gill	juvenile	temperature	thermal_tolerance	Organism-level thermal-tolerance direction was not measured; molecular heat-response direction only	DESeq2_publication_FDR_le_0.05_FC_ge_1.5	published_significant_deg;standard_error_unavailable;raw_p_value_unavailable;legacy_identifier_unmapped	data/processed/CGIG_HEAT_RNASEQ_PRJNA516762_rnaseq.tsv	7e32d923cf416f0515c2dd9ae0230c0208bbe12705c50fd13da8c579651d5d36	0.1.0	2026-08-27	PRJNA516762;SRP181984;PMC6688261;31395030	stress_response
CGIG_HEAT_RNASEQ_PRJNA516762:103	CGIG_HEAT_RNASEQ_PRJNA516762	heat_35C_2h_vs_control_12C	CGI_10002045	CGI_10002045	gene	Crassostrea gigas	GCA_000297895.1			unresolved	down	-1.04396274329179	log2_fold_change					0.0094003589578137	30	gill	juvenile	temperature	thermal_tolerance	Organism-level thermal-tolerance direction was not measured; molecular heat-response direction only	DESeq2_publication_FDR_le_0.05_FC_ge_1.5	published_significant_deg;standard_error_unavailable;raw_p_value_unavailable;legacy_identifier_unmapped	data/processed/CGIG_HEAT_RNASEQ_PRJNA516762_rnaseq.tsv	7e32d923cf416f0515c2dd9ae0230c0208bbe12705c50fd13da8c579651d5d36	0.1.0	2026-08-27	PRJNA516762;SRP181984;PMC6688261;31395030	stress_response
CGIG_HEAT_RNASEQ_PRJNA516762:104	CGIG_HEAT_RNASEQ_PRJNA516762	heat_35C_2h_vs_control_12C	Crassostrea_gigas_newGene_26515	Crassostrea_gigas_newGene_26515	gene	Crassostrea gigas	GCA_000297895.1			unresolved	down	-1.04469682906283	log2_fold_change					0.0042749395151693	30	gill	juvenile	temperature	thermal_tolerance	Organism-level thermal-tolerance direction was not measured; molecular heat-response direction only	DESeq2_publication_FDR_le_0.05_FC_ge_1.5	published_significant_deg;standard_error_unavailable;raw_p_value_unavailable;legacy_identifier_unmapped	data/processed/CGIG_HEAT_RNASEQ_PRJNA516762_rnaseq.tsv	7e32d923cf416f0515c2dd9ae0230c0208bbe12705c50fd13da8c579651d5d36	0.1.0	2026-08-27	PRJNA516762;SRP181984;PMC6688261;31395030	stress_response
CGIG_HEAT_RNASEQ_PRJNA516762:105	CGIG_HEAT_RNASEQ_PRJNA516762	heat_35C_2h_vs_control_12C	CGI_10024064	CGI_10024064	gene	Crassostrea gigas	GCA_000297895.1			unresolved	down	-1.04472319375289	log2_fold_change					0.0039645979671661	30	gill	juvenile	temperature	thermal_tolerance	Organism-level thermal-tolerance direction was not measured; molecular heat-response direction only	DESeq2_publication_FDR_le_0.05_FC_ge_1.5	published_significant_deg;standard_error_unavailable;raw_p_value_unavailable;legacy_identifier_unmapped	data/processed/CGIG_HEAT_RNASEQ_PRJNA516762_rnaseq.tsv	7e32d923cf416f0515c2dd9ae0230c0208bbe12705c50fd13da8c579651d5d36	0.1.0	2026-08-27	PRJNA516762;SRP181984;PMC6688261;31395030	stress_response
CGIG_HEAT_RNASEQ_PRJNA516762:106	CGIG_HEAT_RNASEQ_PRJNA516762	heat_35C_2h_vs_control_12C	CGI_10013791	CGI_10013791	gene	Crassostrea gigas	GCA_000297895.1			unresolved	down	-1.05502756264326	log2_fold_change					2.4480576187760404e-09	30	gill	juvenile	temperature	thermal_tolerance	Organism-level thermal-tolerance direction was not measured; molecular heat-response direction only	DESeq2_publication_FDR_le_0.05_FC_ge_1.5	published_significant_deg;standard_error_unavailable;raw_p_value_unavailable;legacy_identifier_unmapped	data/processed/CGIG_HEAT_RNASEQ_PRJNA516762_rnaseq.tsv	7e32d923cf416f0515c2dd9ae0230c0208bbe12705c50fd13da8c579651d5d36	0.1.0	2026-08-27	PRJNA516762;SRP181984;PMC6688261;31395030	stress_response
CGIG_HEAT_RNASEQ_PRJNA516762:107	CGIG_HEAT_RNASEQ_PRJNA516762	heat_35C_2h_vs_control_12C	Crassostrea_gigas_newGene_28	Crassostrea_gigas_newGene_28	gene	Crassostrea gigas	GCA_000297895.1			unresolved	down	-1.08015686271257	log2_fold_change					0.0027856313632853	30	gill	juvenile	temperature	thermal_tolerance	Organism-level thermal-tolerance direction was not measured; molecular heat-response direction only	DESeq2_publication_FDR_le_0.05_FC_ge_1.5	published_significant_deg;standard_error_unavailable;raw_p_value_unavailable;legacy_identifier_unmapped	data/processed/CGIG_HEAT_RNASEQ_PRJNA516762_rnaseq.tsv	7e32d923cf416f0515c2dd9ae0230c0208bbe12705c50fd13da8c579651d5d36	0.1.0	2026-08-27	PRJNA516762;SRP181984;PMC6688261;31395030	stress_response
CGIG_HEAT_RNASEQ_PRJNA516762:108	CGIG_HEAT_RNASEQ_PRJNA516762	heat_35C_2h_vs_control_12C	Crassostrea_gigas_newGene_32107	Crassostrea_gigas_newGene_32107	gene	Crassostrea gigas	GCA_000297895.1			unresolved	down	-1.08184606314921	log2_fold_change					0.0141512867028748	30	gill	juvenile	temperature	thermal_tolerance	Organism-level thermal-tolerance direction was not measured; molecular heat-response direction only	DESeq2_publication_FDR_le_0.05_FC_ge_1.5	published_significant_deg;standard_error_unavailable;raw_p_value_unavailable;legacy_identifier_unmapped	data/processed/CGIG_HEAT_RNASEQ_PRJNA516762_rnaseq.tsv	7e32d923cf416f0515c2dd9ae0230c0208bbe12705c50fd13da8c579651d5d36	0.1.0	2026-08-27	PRJNA516762;SRP181984;PMC6688261;31395030	stress_response
CGIG_HEAT_RNASEQ_PRJNA516762:109	CGIG_HEAT_RNASEQ_PRJNA516762	heat_35C_2h_vs_control_12C	CGI_10004133	CGI_10004133	gene	Crassostrea gigas	GCA_000297895.1			unresolved	down	-1.08457827734095	log2_fold_change					0.0008438349219736	30	gill	juvenile	temperature	thermal_tolerance	Organism-level thermal-tolerance direction was not measured; molecular heat-response direction only	DESeq2_publication_FDR_le_0.05_FC_ge_1.5	published_significant_deg;standard_error_unavailable;raw_p_value_unavailable;legacy_identifier_unmapped	data/processed/CGIG_HEAT_RNASEQ_PRJNA516762_rnaseq.tsv	7e32d923cf416f0515c2dd9ae0230c0208bbe12705c50fd13da8c579651d5d36	0.1.0	2026-08-27	PRJNA516762;SRP181984;PMC6688261;31395030	stress_response
CGIG_HEAT_RNASEQ_PRJNA516762:110	CGIG_HEAT_RNASEQ_PRJNA516762	heat_35C_2h_vs_control_12C	CGI_10002452	CGI_10002452	gene	Crassostrea gigas	GCA_000297895.1			unresolved	down	-1.08957053854073	log2_fold_change					0.0123283073055274	30	gill	juvenile	temperature	thermal_tolerance	Organism-level thermal-tolerance direction was not measured; molecular heat-response direction only	DESeq2_publication_FDR_le_0.05_FC_ge_1.5	published_significant_deg;standard_error_unavailable;raw_p_value_unavailable;legacy_identifier_unmapped	data/processed/CGIG_HEAT_RNASEQ_PRJNA516762_rnaseq.tsv	7e32d923cf416f0515c2dd9ae0230c0208bbe12705c50fd13da8c579651d5d36	0.1.0	2026-08-27	PRJNA516762;SRP181984;PMC6688261;31395030	stress_response
CGIG_HEAT_RNASEQ_PRJNA516762:111	CGIG_HEAT_RNASEQ_PRJNA516762	heat_35C_2h_vs_control_12C	CGI_10024482	CGI_10024482	gene	Crassostrea gigas	GCA_000297895.1			unresolved	down	-1.09659054111521	log2_fold_change					0.003681367067657	30	gill	juvenile	temperature	thermal_tolerance	Organism-level thermal-tolerance direction was not measured; molecular heat-response direction only	DESeq2_publication_FDR_le_0.05_FC_ge_1.5	published_significant_deg;standard_error_unavailable;raw_p_value_unavailable;legacy_identifier_unmapped	data/processed/CGIG_HEAT_RNASEQ_PRJNA516762_rnaseq.tsv	7e32d923cf416f0515c2dd9ae0230c0208bbe12705c50fd13da8c579651d5d36	0.1.0	2026-08-27	PRJNA516762;SRP181984;PMC6688261;31395030	stress_response
CGIG_HEAT_RNASEQ_PRJNA516762:112	CGIG_HEAT_RNASEQ_PRJNA516762	heat_35C_2h_vs_control_12C	Crassostrea_gigas_newGene_33348	Crassostrea_gigas_newGene_33348	gene	Crassostrea gigas	GCA_000297895.1			unresolved	down	-1.10035613177642	log2_fold_change					0.0036725131344994	30	gill	juvenile	temperature	thermal_tolerance	Organism-level thermal-tolerance direction was not measured; molecular heat-response direction only	DESeq2_publication_FDR_le_0.05_FC_ge_1.5	published_significant_deg;standard_error_unavailable;raw_p_value_unavailable;legacy_identifier_unmapped	data/processed/CGIG_HEAT_RNASEQ_PRJNA516762_rnaseq.tsv	7e32d923cf416f0515c2dd9ae0230c0208bbe12705c50fd13da8c579651d5d36	0.1.0	2026-08-27	PRJNA516762;SRP181984;PMC6688261;31395030	stress_response
CGIG_HEAT_RNASEQ_PRJNA516762:113	CGIG_HEAT_RNASEQ_PRJNA516762	heat_35C_2h_vs_control_12C	Crassostrea_gigas_newGene_6745	Crassostrea_gigas_newGene_6745	gene	Crassostrea gigas	GCA_000297895.1			unresolved	down	-1.10986302734909	log2_fold_change					0.0056647118071521	30	gill	juvenile	temperature	thermal_tolerance	Organism-level thermal-tolerance direction was not measured; molecular heat-response direction only	DESeq2_publication_FDR_le_0.05_FC_ge_1.5	published_significant_deg;standard_error_unavailable;raw_p_value_unavailable;legacy_identifier_unmapped	data/processed/CGIG_HEAT_RNASEQ_PRJNA516762_rnaseq.tsv	7e32d923cf416f0515c2dd9ae0230c0208bbe12705c50fd13da8c579651d5d36	0.1.0	2026-08-27	PRJNA516762;SRP181984;PMC6688261;31395030	stress_response
CGIG_HEAT_RNASEQ_PRJNA516762:114	CGIG_HEAT_RNASEQ_PRJNA516762	heat_35C_2h_vs_control_12C	CGI_10001455	CGI_10001455	gene	Crassostrea gigas	GCA_000297895.1			unresolved	down	-1.12240982150869	log2_fold_change					0.0081884468183982	30	gill	juvenile	temperature	thermal_tolerance	Organism-level thermal-tolerance direction was not measured; molecular heat-response direction only	DESeq2_publication_FDR_le_0.05_FC_ge_1.5	published_significant_deg;standard_error_unavailable;raw_p_value_unavailable;legacy_identifier_unmapped	data/processed/CGIG_HEAT_RNASEQ_PRJNA516762_rnaseq.tsv	7e32d923cf416f0515c2dd9ae0230c0208bbe12705c50fd13da8c579651d5d36	0.1.0	2026-08-27	PRJNA516762;SRP181984;PMC6688261;31395030	stress_response
CGIG_HEAT_RNASEQ_PRJNA516762:115	CGIG_HEAT_RNASEQ_PRJNA516762	heat_35C_2h_vs_control_12C	CGI_10008967	CGI_10008967	gene	Crassostrea gigas	GCA_000297895.1			unresolved	down	-1.1246862495793	log2_fold_change					8.99221721063e-05	30	gill	juvenile	temperature	thermal_tolerance	Organism-level thermal-tolerance direction was not measured; molecular heat-response direction only	DESeq2_publication_FDR_le_0.05_FC_ge_1.5	published_significant_deg;standard_error_unavailable;raw_p_value_unavailable;legacy_identifier_unmapped	data/processed/CGIG_HEAT_RNASEQ_PRJNA516762_rnaseq.tsv	7e32d923cf416f0515c2dd9ae0230c0208bbe12705c50fd13da8c579651d5d36	0.1.0	2026-08-27	PRJNA516762;SRP181984;PMC6688261;31395030	stress_response
CGIG_HEAT_RNASEQ_PRJNA516762:116	CGIG_HEAT_RNASEQ_PRJNA516762	heat_35C_2h_vs_control_12C	Crassostrea_gigas_newGene_21475	Crassostrea_gigas_newGene_21475	gene	Crassostrea gigas	GCA_000297895.1			unresolved	down	-1.14460928715671	log2_fold_change					0.0011878322423971	30	gill	juvenile	temperature	thermal_tolerance	Organism-level thermal-tolerance direction was not measured; molecular heat-response direction only	DESeq2_publication_FDR_le_0.05_FC_ge_1.5	published_significant_deg;standard_error_unavailable;raw_p_value_unavailable;legacy_identifier_unmapped	data/processed/CGIG_HEAT_RNASEQ_PRJNA516762_rnaseq.tsv	7e32d923cf416f0515c2dd9ae0230c0208bbe12705c50fd13da8c579651d5d36	0.1.0	2026-08-27	PRJNA516762;SRP181984;PMC6688261;31395030	stress_response
CGIG_HEAT_RNASEQ_PRJNA516762:117	CGIG_HEAT_RNASEQ_PRJNA516762	heat_35C_2h_vs_control_12C	Crassostrea_gigas_newGene_19207	Crassostrea_gigas_newGene_19207	gene	Crassostrea gigas	GCA_000297895.1			unresolved	down	-1.15937273551958	log2_fold_change					0.0009751741217483	30	gill	juvenile	temperature	thermal_tolerance	Organism-level thermal-tolerance direction was not measured; molecular heat-response direction only	DESeq2_publication_FDR_le_0.05_FC_ge_1.5	published_significant_deg;standard_error_unavailable;raw_p_value_unavailable;legacy_identifier_unmapped	data/processed/CGIG_HEAT_RNASEQ_PRJNA516762_rnaseq.tsv	7e32d923cf416f0515c2dd9ae0230c0208bbe12705c50fd13da8c579651d5d36	0.1.0	2026-08-27	PRJNA516762;SRP181984;PMC6688261;31395030	stress_response
CGIG_HEAT_RNASEQ_PRJNA516762:118	CGIG_HEAT_RNASEQ_PRJNA516762	heat_35C_2h_vs_control_12C	CGI_10002455	CGI_10002455	gene	Crassostrea gigas	GCA_000297895.1			unresolved	down	-1.17890857008859	log2_fold_change					7.47304318078707e-11	30	gill	juvenile	temperature	thermal_tolerance	Organism-level thermal-tolerance direction was not measured; molecular heat-response direction only	DESeq2_publication_FDR_le_0.05_FC_ge_1.5	published_significant_deg;standard_error_unavailable;raw_p_value_unavailable;legacy_identifier_unmapped	data/processed/CGIG_HEAT_RNASEQ_PRJNA516762_rnaseq.tsv	7e32d923cf416f0515c2dd9ae0230c0208bbe12705c50fd13da8c579651d5d36	0.1.0	2026-08-27	PRJNA516762;SRP181984;PMC6688261;31395030	stress_response
CGIG_HEAT_RNASEQ_PRJNA516762:119	CGIG_HEAT_RNASEQ_PRJNA516762	heat_35C_2h_vs_control_12C	CGI_10019635	CGI_10019635	gene	Crassostrea gigas	GCA_000297895.1			unresolved	down	-1.18157633978821	log2_fold_change					0.0024692893605553	30	gill	juvenile	temperature	thermal_tolerance	Organism-level thermal-tolerance direction was not measured; molecular heat-response direction only	DESeq2_publication_FDR_le_0.05_FC_ge_1.5	published_significant_deg;standard_error_unavailable;raw_p_value_unavailable;legacy_identifier_unmapped	data/processed/CGIG_HEAT_RNASEQ_PRJNA516762_rnaseq.tsv	7e32d923cf416f0515c2dd9ae0230c0208bbe12705c50fd13da8c579651d5d36	0.1.0	2026-08-27	PRJNA516762;SRP181984;PMC6688261;31395030	stress_response
CGIG_HEAT_RNASEQ_PRJNA516762:120	CGIG_HEAT_RNASEQ_PRJNA516762	heat_35C_2h_vs_control_12C	CGI_10021590	CGI_10021590	gene	Crassostrea gigas	GCA_000297895.1			unresolved	down	-1.20984664264788	log2_fold_change					0.0005355103206907	30	gill	juvenile	temperature	thermal_tolerance	Organism-level thermal-tolerance direction was not measured; molecular heat-response direction only	DESeq2_publication_FDR_le_0.05_FC_ge_1.5	published_significant_deg;standard_error_unavailable;raw_p_value_unavailable;legacy_identifier_unmapped	data/processed/CGIG_HEAT_RNASEQ_PRJNA516762_rnaseq.tsv	7e32d923cf416f0515c2dd9ae0230c0208bbe12705c50fd13da8c579651d5d36	0.1.0	2026-08-27	PRJNA516762;SRP181984;PMC6688261;31395030	stress_response
CGIG_HEAT_RNASEQ_PRJNA516762:121	CGIG_HEAT_RNASEQ_PRJNA516762	heat_35C_2h_vs_control_12C	CGI_10023468	CGI_10023468	gene	Crassostrea gigas	GCA_000297895.1			unresolved	down	-1.22415518064756	log2_fold_change					0.0019334512931859	30	gill	juvenile	temperature	thermal_tolerance	Organism-level thermal-tolerance direction was not measured; molecular heat-response direction only	DESeq2_publication_FDR_le_0.05_FC_ge_1.5	published_significant_deg;standard_error_unavailable;raw_p_value_unavailable;legacy_identifier_unmapped	data/processed/CGIG_HEAT_RNASEQ_PRJNA516762_rnaseq.tsv	7e32d923cf416f0515c2dd9ae0230c0208bbe12705c50fd13da8c579651d5d36	0.1.0	2026-08-27	PRJNA516762;SRP181984;PMC6688261;31395030	stress_response
CGIG_HEAT_RNASEQ_PRJNA516762:122	CGIG_HEAT_RNASEQ_PRJNA516762	heat_35C_2h_vs_control_12C	CGI_10014038	CGI_10014038	gene	Crassostrea gigas	GCA_000297895.1			unresolved	down	-1.22705925709679	log2_fold_change					0.0005519304320215	30	gill	juvenile	temperature	thermal_tolerance	Organism-level thermal-tolerance direction was not measured; molecular heat-response direction only	DESeq2_publication_FDR_le_0.05_FC_ge_1.5	published_significant_deg;standard_error_unavailable;raw_p_value_unavailable;legacy_identifier_unmapped	data/processed/CGIG_HEAT_RNASEQ_PRJNA516762_rnaseq.tsv	7e32d923cf416f0515c2dd9ae0230c0208bbe12705c50fd13da8c579651d5d36	0.1.0	2026-08-27	PRJNA516762;SRP181984;PMC6688261;31395030	stress_response
CGIG_HEAT_RNASEQ_PRJNA516762:123	CGIG_HEAT_RNASEQ_PRJNA516762	heat_35C_2h_vs_control_12C	Crassostrea_gigas_newGene_15457	Crassostrea_gigas_newGene_15457	gene	Crassostrea gigas	GCA_000297895.1			unresolved	down	-1.22989400571293	log2_fold_change					0.0003747478279988	30	gill	juvenile	temperature	thermal_tolerance	Organism-level thermal-tolerance direction was not measured; molecular heat-response direction only	DESeq2_publication_FDR_le_0.05_FC_ge_1.5	published_significant_deg;standard_error_unavailable;raw_p_value_unavailable;legacy_identifier_unmapped	data/processed/CGIG_HEAT_RNASEQ_PRJNA516762_rnaseq.tsv	7e32d923cf416f0515c2dd9ae0230c0208bbe12705c50fd13da8c579651d5d36	0.1.0	2026-08-27	PRJNA516762;SRP181984;PMC6688261;31395030	stress_response
CGIG_HEAT_RNASEQ_PRJNA516762:124	CGIG_HEAT_RNASEQ_PRJNA516762	heat_35C_2h_vs_control_12C	CGI_10019357	CGI_10019357	gene	Crassostrea gigas	GCA_000297895.1			unresolved	down	-1.23412993423572	log2_fold_change					0.000527681128853	30	gill	juvenile	temperature	thermal_tolerance	Organism-level thermal-tolerance direction was not measured; molecular heat-response direction only	DESeq2_publication_FDR_le_0.05_FC_ge_1.5	published_significant_deg;standard_error_unavailable;raw_p_value_unavailable;legacy_identifier_unmapped	data/processed/CGIG_HEAT_RNASEQ_PRJNA516762_rnaseq.tsv	7e32d923cf416f0515c2dd9ae0230c0208bbe12705c50fd13da8c579651d5d36	0.1.0	2026-08-27	PRJNA516762;SRP181984;PMC6688261;31395030	stress_response
CGIG_HEAT_RNASEQ_PRJNA516762:125	CGIG_HEAT_RNASEQ_PRJNA516762	heat_35C_2h_vs_control_12C	CGI_10022921	CGI_10022921	gene	Crassostrea gigas	GCA_000297895.1			unresolved	down	-1.24934497573132	log2_fold_change					0.0005391057668669	30	gill	juvenile	temperature	thermal_tolerance	Organism-level thermal-tolerance direction was not measured; molecular heat-response direction only	DESeq2_publication_FDR_le_0.05_FC_ge_1.5	published_significant_deg;standard_error_unavailable;raw_p_value_unavailable;legacy_identifier_unmapped	data/processed/CGIG_HEAT_RNASEQ_PRJNA516762_rnaseq.tsv	7e32d923cf416f0515c2dd9ae0230c0208bbe12705c50fd13da8c579651d5d36	0.1.0	2026-08-27	PRJNA516762;SRP181984;PMC6688261;31395030	stress_response
CGIG_HEAT_RNASEQ_PRJNA516762:126	CGIG_HEAT_RNASEQ_PRJNA516762	heat_35C_2h_vs_control_12C	Crassostrea_gigas_newGene_41241	Crassostrea_gigas_newGene_41241	gene	Crassostrea gigas	GCA_000297895.1			unresolved	down	-1.26031555861376	log2_fold_change					9.90570218481327e-11	30	gill	juvenile	temperature	thermal_tolerance	Organism-level thermal-tolerance direction was not measured; molecular heat-response direction only	DESeq2_publication_FDR_le_0.05_FC_ge_1.5	published_significant_deg;standard_error_unavailable;raw_p_value_unavailable;legacy_identifier_unmapped	data/processed/CGIG_HEAT_RNASEQ_PRJNA516762_rnaseq.tsv	7e32d923cf416f0515c2dd9ae0230c0208bbe12705c50fd13da8c579651d5d36	0.1.0	2026-08-27	PRJNA516762;SRP181984;PMC6688261;31395030	stress_response
CGIG_HEAT_RNASEQ_PRJNA516762:127	CGIG_HEAT_RNASEQ_PRJNA516762	heat_35C_2h_vs_control_12C	CGI_10027146	CGI_10027146	gene	Crassostrea gigas	GCA_000297895.1			unresolved	down	-1.27453090253248	log2_fold_change					0.0003273532275328	30	gill	juvenile	temperature	thermal_tolerance	Organism-level thermal-tolerance direction was not measured; molecular heat-response direction only	DESeq2_publication_FDR_le_0.05_FC_ge_1.5	published_significant_deg;standard_error_unavailable;raw_p_value_unavailable;legacy_identifier_unmapped	data/processed/CGIG_HEAT_RNASEQ_PRJNA516762_rnaseq.tsv	7e32d923cf416f0515c2dd9ae0230c0208bbe12705c50fd13da8c579651d5d36	0.1.0	2026-08-27	PRJNA516762;SRP181984;PMC6688261;31395030	stress_response
CGIG_HEAT_RNASEQ_PRJNA516762:128	CGIG_HEAT_RNASEQ_PRJNA516762	heat_35C_2h_vs_control_12C	Crassostrea_gigas_newGene_10925	Crassostrea_gigas_newGene_10925	gene	Crassostrea gigas	GCA_000297895.1			unresolved	down	-1.32763151635744	log2_fold_change					7.54048172351e-05	30	gill	juvenile	temperature	thermal_tolerance	Organism-level thermal-tolerance direction was not measured; molecular heat-response direction only	DESeq2_publication_FDR_le_0.05_FC_ge_1.5	published_significant_deg;standard_error_unavailable;raw_p_value_unavailable;legacy_identifier_unmapped	data/processed/CGIG_HEAT_RNASEQ_PRJNA516762_rnaseq.tsv	7e32d923cf416f0515c2dd9ae0230c0208bbe12705c50fd13da8c579651d5d36	0.1.0	2026-08-27	PRJNA516762;SRP181984;PMC6688261;31395030	stress_response
CGIG_HEAT_RNASEQ_PRJNA516762:129	CGIG_HEAT_RNASEQ_PRJNA516762	heat_35C_2h_vs_control_12C	CGI_10017364	CGI_10017364	gene	Crassostrea gigas	GCA_000297895.1			unresolved	down	-1.33595380159616	log2_fold_change					7.57431138979e-05	30	gill	juvenile	temperature	thermal_tolerance	Organism-level thermal-tolerance direction was not measured; molecular heat-response direction only	DESeq2_publication_FDR_le_0.05_FC_ge_1.5	published_significant_deg;standard_error_unavailable;raw_p_value_unavailable;legacy_identifier_unmapped	data/processed/CGIG_HEAT_RNASEQ_PRJNA516762_rnaseq.tsv	7e32d923cf416f0515c2dd9ae0230c0208bbe12705c50fd13da8c579651d5d36	0.1.0	2026-08-27	PRJNA516762;SRP181984;PMC6688261;31395030	stress_response
CGIG_HEAT_RNASEQ_PRJNA516762:130	CGIG_HEAT_RNASEQ_PRJNA516762	heat_35C_2h_vs_control_12C	Crassostrea_gigas_newGene_28773	Crassostrea_gigas_newGene_28773	gene	Crassostrea gigas	GCA_000297895.1			unresolved	down	-1.3428675839057	log2_fold_change					0.0003273532275328	30	gill	juvenile	temperature	thermal_tolerance	Organism-level thermal-tolerance direction was not measured; molecular heat-response direction only	DESeq2_publication_FDR_le_0.05_FC_ge_1.5	published_significant_deg;standard_error_unavailable;raw_p_value_unavailable;legacy_identifier_unmapped	data/processed/CGIG_HEAT_RNASEQ_PRJNA516762_rnaseq.tsv	7e32d923cf416f0515c2dd9ae0230c0208bbe12705c50fd13da8c579651d5d36	0.1.0	2026-08-27	PRJNA516762;SRP181984;PMC6688261;31395030	stress_response
CGIG_HEAT_RNASEQ_PRJNA516762:131	CGIG_HEAT_RNASEQ_PRJNA516762	heat_35C_2h_vs_control_12C	CGI_10001551	CGI_10001551	gene	Crassostrea gigas	GCA_000297895.1			unresolved	down	-1.36252800262071	log2_fold_change					1.95768302889e-05	30	gill	juvenile	temperature	thermal_tolerance	Organism-level thermal-tolerance direction was not measured; molecular heat-response direction only	DESeq2_publication_FDR_le_0.05_FC_ge_1.5	published_significant_deg;standard_error_unavailable;raw_p_value_unavailable;legacy_identifier_unmapped	data/processed/CGIG_HEAT_RNASEQ_PRJNA516762_rnaseq.tsv	7e32d923cf416f0515c2dd9ae0230c0208bbe12705c50fd13da8c579651d5d36	0.1.0	2026-08-27	PRJNA516762;SRP181984;PMC6688261;31395030	stress_response
CGIG_HEAT_RNASEQ_PRJNA516762:132	CGIG_HEAT_RNASEQ_PRJNA516762	heat_35C_2h_vs_control_12C	CGI_10002479	CGI_10002479	gene	Crassostrea gigas	GCA_000297895.1			unresolved	down	-1.38333470803848	log2_fold_change					1.6035238329e-06	30	gill	juvenile	temperature	thermal_tolerance	Organism-level thermal-tolerance direction was not measured; molecular heat-response direction only	DESeq2_publication_FDR_le_0.05_FC_ge_1.5	published_significant_deg;standard_error_unavailable;raw_p_value_unavailable;legacy_identifier_unmapped	data/processed/CGIG_HEAT_RNASEQ_PRJNA516762_rnaseq.tsv	7e32d923cf416f0515c2dd9ae0230c0208bbe12705c50fd13da8c579651d5d36	0.1.0	2026-08-27	PRJNA516762;SRP181984;PMC6688261;31395030	stress_response
CGIG_HEAT_RNASEQ_PRJNA516762:133	CGIG_HEAT_RNASEQ_PRJNA516762	heat_35C_2h_vs_control_12C	CGI_10012951	CGI_10012951	gene	Crassostrea gigas	GCA_000297895.1			unresolved	down	-1.46765913043149	log2_fold_change					3.44427118262e-05	30	gill	juvenile	temperature	thermal_tolerance	Organism-level thermal-tolerance direction was not measured; molecular heat-response direction only	DESeq2_publication_FDR_le_0.05_FC_ge_1.5	published_significant_deg;standard_error_unavailable;raw_p_value_unavailable;legacy_identifier_unmapped	data/processed/CGIG_HEAT_RNASEQ_PRJNA516762_rnaseq.tsv	7e32d923cf416f0515c2dd9ae0230c0208bbe12705c50fd13da8c579651d5d36	0.1.0	2026-08-27	PRJNA516762;SRP181984;PMC6688261;31395030	stress_response
CGIG_HEAT_RNASEQ_PRJNA516762:134	CGIG_HEAT_RNASEQ_PRJNA516762	heat_35C_2h_vs_control_12C	Crassostrea_gigas_newGene_7956	Crassostrea_gigas_newGene_7956	gene	Crassostrea gigas	GCA_000297895.1			unresolved	down	-1.4687908540205	log2_fold_change					7.8127516635e-06	30	gill	juvenile	temperature	thermal_tolerance	Organism-level thermal-tolerance direction was not measured; molecular heat-response direction only	DESeq2_publication_FDR_le_0.05_FC_ge_1.5	published_significant_deg;standard_error_unavailable;raw_p_value_unavailable;legacy_identifier_unmapped	data/processed/CGIG_HEAT_RNASEQ_PRJNA516762_rnaseq.tsv	7e32d923cf416f0515c2dd9ae0230c0208bbe12705c50fd13da8c579651d5d36	0.1.0	2026-08-27	PRJNA516762;SRP181984;PMC6688261;31395030	stress_response
CGIG_HEAT_RNASEQ_PRJNA516762:135	CGIG_HEAT_RNASEQ_PRJNA516762	heat_35C_2h_vs_control_12C	Crassostrea_gigas_newGene_21468	Crassostrea_gigas_newGene_21468	gene	Crassostrea gigas	GCA_000297895.1			unresolved	down	-1.47820188593405	log2_fold_change					1.96024537404e-05	30	gill	juvenile	temperature	thermal_tolerance	Organism-level thermal-tolerance direction was not measured; molecular heat-response direction only	DESeq2_publication_FDR_le_0.05_FC_ge_1.5	published_significant_deg;standard_error_unavailable;raw_p_value_unavailable;legacy_identifier_unmapped	data/processed/CGIG_HEAT_RNASEQ_PRJNA516762_rnaseq.tsv	7e32d923cf416f0515c2dd9ae0230c0208bbe12705c50fd13da8c579651d5d36	0.1.0	2026-08-27	PRJNA516762;SRP181984;PMC6688261;31395030	stress_response
CGIG_HEAT_RNASEQ_PRJNA516762:136	CGIG_HEAT_RNASEQ_PRJNA516762	heat_35C_2h_vs_control_12C	CGI_10023314	CGI_10023314	gene	Crassostrea gigas	GCA_000297895.1			unresolved	down	-1.55009963594526	log2_fold_change					1.77234940707436e-13	30	gill	juvenile	temperature	thermal_tolerance	Organism-level thermal-tolerance direction was not measured; molecular heat-response direction only	DESeq2_publication_FDR_le_0.05_FC_ge_1.5	published_significant_deg;standard_error_unavailable;raw_p_value_unavailable;legacy_identifier_unmapped	data/processed/CGIG_HEAT_RNASEQ_PRJNA516762_rnaseq.tsv	7e32d923cf416f0515c2dd9ae0230c0208bbe12705c50fd13da8c579651d5d36	0.1.0	2026-08-27	PRJNA516762;SRP181984;PMC6688261;31395030	stress_response
CGIG_HEAT_RNASEQ_PRJNA516762:137	CGIG_HEAT_RNASEQ_PRJNA516762	heat_35C_2h_vs_control_12C	CGI_10026860	CGI_10026860	gene	Crassostrea gigas	GCA_000297895.1			unresolved	down	-1.55941839819341	log2_fold_change					5.44365656820312e-10	30	gill	juvenile	temperature	thermal_tolerance	Organism-level thermal-tolerance direction was not measured; molecular heat-response direction only	DESeq2_publication_FDR_le_0.05_FC_ge_1.5	published_significant_deg;standard_error_unavailable;raw_p_value_unavailable;legacy_identifier_unmapped	data/processed/CGIG_HEAT_RNASEQ_PRJNA516762_rnaseq.tsv	7e32d923cf416f0515c2dd9ae0230c0208bbe12705c50fd13da8c579651d5d36	0.1.0	2026-08-27	PRJNA516762;SRP181984;PMC6688261;31395030	stress_response
CGIG_HEAT_RNASEQ_PRJNA516762:138	CGIG_HEAT_RNASEQ_PRJNA516762	heat_35C_2h_vs_control_12C	CGI_10003336	CGI_10003336	gene	Crassostrea gigas	GCA_000297895.1			unresolved	down	-1.57382180269053	log2_fold_change					4.1492605028e-06	30	gill	juvenile	temperature	thermal_tolerance	Organism-level thermal-tolerance direction was not measured; molecular heat-response direction only	DESeq2_publication_FDR_le_0.05_FC_ge_1.5	published_significant_deg;standard_error_unavailable;raw_p_value_unavailable;legacy_identifier_unmapped	data/processed/CGIG_HEAT_RNASEQ_PRJNA516762_rnaseq.tsv	7e32d923cf416f0515c2dd9ae0230c0208bbe12705c50fd13da8c579651d5d36	0.1.0	2026-08-27	PRJNA516762;SRP181984;PMC6688261;31395030	stress_response
CGIG_HEAT_RNASEQ_PRJNA516762:139	CGIG_HEAT_RNASEQ_PRJNA516762	heat_35C_2h_vs_control_12C	CGI_10002702	CGI_10002702	gene	Crassostrea gigas	GCA_000297895.1			unresolved	down	-1.61342096801641	log2_fold_change					4.67523517235264e-07	30	gill	juvenile	temperature	thermal_tolerance	Organism-level thermal-tolerance direction was not measured; molecular heat-response direction only	DESeq2_publication_FDR_le_0.05_FC_ge_1.5	published_significant_deg;standard_error_unavailable;raw_p_value_unavailable;legacy_identifier_unmapped	data/processed/CGIG_HEAT_RNASEQ_PRJNA516762_rnaseq.tsv	7e32d923cf416f0515c2dd9ae0230c0208bbe12705c50fd13da8c579651d5d36	0.1.0	2026-08-27	PRJNA516762;SRP181984;PMC6688261;31395030	stress_response
CGIG_HEAT_RNASEQ_PRJNA516762:140	CGIG_HEAT_RNASEQ_PRJNA516762	heat_35C_2h_vs_control_12C	CGI_10014945	CGI_10014945	gene	Crassostrea gigas	GCA_000297895.1			unresolved	down	-1.65791359906059	log2_fold_change					7.425013417778769e-28	30	gill	juvenile	temperature	thermal_tolerance	Organism-level thermal-tolerance direction was not measured; molecular heat-response direction only	DESeq2_publication_FDR_le_0.05_FC_ge_1.5	published_significant_deg;standard_error_unavailable;raw_p_value_unavailable;legacy_identifier_unmapped	data/processed/CGIG_HEAT_RNASEQ_PRJNA516762_rnaseq.tsv	7e32d923cf416f0515c2dd9ae0230c0208bbe12705c50fd13da8c579651d5d36	0.1.0	2026-08-27	PRJNA516762;SRP181984;PMC6688261;31395030	stress_response
CGIG_HEAT_RNASEQ_PRJNA516762:141	CGIG_HEAT_RNASEQ_PRJNA516762	heat_35C_2h_vs_control_12C	CGI_10007809	CGI_10007809	gene	Crassostrea gigas	GCA_000297895.1			unresolved	down	-1.6867149836549	log2_fold_change					1.01349790384326e-07	30	gill	juvenile	temperature	thermal_tolerance	Organism-level thermal-tolerance direction was not measured; molecular heat-response direction only	DESeq2_publication_FDR_le_0.05_FC_ge_1.5	published_significant_deg;standard_error_unavailable;raw_p_value_unavailable;legacy_identifier_unmapped	data/processed/CGIG_HEAT_RNASEQ_PRJNA516762_rnaseq.tsv	7e32d923cf416f0515c2dd9ae0230c0208bbe12705c50fd13da8c579651d5d36	0.1.0	2026-08-27	PRJNA516762;SRP181984;PMC6688261;31395030	stress_response
CGIG_HEAT_RNASEQ_PRJNA516762:142	CGIG_HEAT_RNASEQ_PRJNA516762	heat_35C_2h_vs_control_12C	CGI_10016002	CGI_10016002	gene	Crassostrea gigas	GCA_000297895.1			unresolved	down	-1.96322208761023	log2_fold_change					2.83498359422519e-10	30	gill	juvenile	temperature	thermal_tolerance	Organism-level thermal-tolerance direction was not measured; molecular heat-response direction only	DESeq2_publication_FDR_le_0.05_FC_ge_1.5	published_significant_deg;standard_error_unavailable;raw_p_value_unavailable;legacy_identifier_unmapped	data/processed/CGIG_HEAT_RNASEQ_PRJNA516762_rnaseq.tsv	7e32d923cf416f0515c2dd9ae0230c0208bbe12705c50fd13da8c579651d5d36	0.1.0	2026-08-27	PRJNA516762;SRP181984;PMC6688261;31395030	stress_response
CGIG_HEAT_RNASEQ_PRJNA516762:143	CGIG_HEAT_RNASEQ_PRJNA516762	heat_35C_2h_vs_control_12C	CGI_10017830	CGI_10017830	gene	Crassostrea gigas	GCA_000297895.1			unresolved	down	-2.00178340339778	log2_fold_change					1.11360073807862e-15	30	gill	juvenile	temperature	thermal_tolerance	Organism-level thermal-tolerance direction was not measured; molecular heat-response direction only	DESeq2_publication_FDR_le_0.05_FC_ge_1.5	published_significant_deg;standard_error_unavailable;raw_p_value_unavailable;legacy_identifier_unmapped	data/processed/CGIG_HEAT_RNASEQ_PRJNA516762_rnaseq.tsv	7e32d923cf416f0515c2dd9ae0230c0208bbe12705c50fd13da8c579651d5d36	0.1.0	2026-08-27	PRJNA516762;SRP181984;PMC6688261;31395030	stress_response
CGIG_HEAT_RNASEQ_PRJNA516762:144	CGIG_HEAT_RNASEQ_PRJNA516762	heat_35C_2h_vs_control_12C	Crassostrea_gigas_newGene_788	Crassostrea_gigas_newGene_788	gene	Crassostrea gigas	GCA_000297895.1			unresolved	down	-2.08570749225208	log2_fold_change					8.325568363180759e-12	30	gill	juvenile	temperature	thermal_tolerance	Organism-level thermal-tolerance direction was not measured; molecular heat-response direction only	DESeq2_publication_FDR_le_0.05_FC_ge_1.5	published_significant_deg;standard_error_unavailable;raw_p_value_unavailable;legacy_identifier_unmapped	data/processed/CGIG_HEAT_RNASEQ_PRJNA516762_rnaseq.tsv	7e32d923cf416f0515c2dd9ae0230c0208bbe12705c50fd13da8c579651d5d36	0.1.0	2026-08-27	PRJNA516762;SRP181984;PMC6688261;31395030	stress_response
CGIG_HEAT_RNASEQ_PRJNA516762:145	CGIG_HEAT_RNASEQ_PRJNA516762	heat_35C_2h_vs_control_12C	CGI_10027954	CGI_10027954	gene	Crassostrea gigas	GCA_000297895.1			unresolved	down	-2.37668520893587	log2_fold_change					1.9925233390632e-15	30	gill	juvenile	temperature	thermal_tolerance	Organism-level thermal-tolerance direction was not measured; molecular heat-response direction only	DESeq2_publication_FDR_le_0.05_FC_ge_1.5	published_significant_deg;standard_error_unavailable;raw_p_value_unavailable;legacy_identifier_unmapped	data/processed/CGIG_HEAT_RNASEQ_PRJNA516762_rnaseq.tsv	7e32d923cf416f0515c2dd9ae0230c0208bbe12705c50fd13da8c579651d5d36	0.1.0	2026-08-27	PRJNA516762;SRP181984;PMC6688261;31395030	stress_response
CGIG_HEAT_RNASEQ_PRJNA516762:146	CGIG_HEAT_RNASEQ_PRJNA516762	heat_35C_2h_vs_control_12C	CGI_10016700	CGI_10016700	gene	Crassostrea gigas	GCA_000297895.1			unresolved	down	-2.38083187455203	log2_fold_change					1.11360073807862e-15	30	gill	juvenile	temperature	thermal_tolerance	Organism-level thermal-tolerance direction was not measured; molecular heat-response direction only	DESeq2_publication_FDR_le_0.05_FC_ge_1.5	published_significant_deg;standard_error_unavailable;raw_p_value_unavailable;legacy_identifier_unmapped	data/processed/CGIG_HEAT_RNASEQ_PRJNA516762_rnaseq.tsv	7e32d923cf416f0515c2dd9ae0230c0208bbe12705c50fd13da8c579651d5d36	0.1.0	2026-08-27	PRJNA516762;SRP181984;PMC6688261;31395030	stress_response
CGIG_HEAT_RNASEQ_PRJNA516762:147	CGIG_HEAT_RNASEQ_PRJNA516762	heat_35C_2h_vs_control_12C	CGI_10010392	CGI_10010392	gene	Crassostrea gigas	GCA_000297895.1			unresolved	down	-2.42981587493421	log2_fold_change					1.09991808935269e-22	30	gill	juvenile	temperature	thermal_tolerance	Organism-level thermal-tolerance direction was not measured; molecular heat-response direction only	DESeq2_publication_FDR_le_0.05_FC_ge_1.5	published_significant_deg;standard_error_unavailable;raw_p_value_unavailable;legacy_identifier_unmapped	data/processed/CGIG_HEAT_RNASEQ_PRJNA516762_rnaseq.tsv	7e32d923cf416f0515c2dd9ae0230c0208bbe12705c50fd13da8c579651d5d36	0.1.0	2026-08-27	PRJNA516762;SRP181984;PMC6688261;31395030	stress_response
CGIG_HEAT_RNASEQ_PRJNA516762:148	CGIG_HEAT_RNASEQ_PRJNA516762	heat_35C_2h_vs_control_12C	CGI_10001445	CGI_10001445	gene	Crassostrea gigas	GCA_000297895.1			unresolved	down	-2.58931487891918	log2_fold_change					1.8608809812857e-18	30	gill	juvenile	temperature	thermal_tolerance	Organism-level thermal-tolerance direction was not measured; molecular heat-response direction only	DESeq2_publication_FDR_le_0.05_FC_ge_1.5	published_significant_deg;standard_error_unavailable;raw_p_value_unavailable;legacy_identifier_unmapped	data/processed/CGIG_HEAT_RNASEQ_PRJNA516762_rnaseq.tsv	7e32d923cf416f0515c2dd9ae0230c0208bbe12705c50fd13da8c579651d5d36	0.1.0	2026-08-27	PRJNA516762;SRP181984;PMC6688261;31395030	stress_response
CGIG_HEAT_RNASEQ_PRJNA516762:149	CGIG_HEAT_RNASEQ_PRJNA516762	heat_35C_2h_vs_control_12C	CGI_10018182	CGI_10018182	gene	Crassostrea gigas	GCA_000297895.1			unresolved	down	-2.75777734667264	log2_fold_change					7.18547290814157e-24	30	gill	juvenile	temperature	thermal_tolerance	Organism-level thermal-tolerance direction was not measured; molecular heat-response direction only	DESeq2_publication_FDR_le_0.05_FC_ge_1.5	published_significant_deg;standard_error_unavailable;raw_p_value_unavailable;legacy_identifier_unmapped	data/processed/CGIG_HEAT_RNASEQ_PRJNA516762_rnaseq.tsv	7e32d923cf416f0515c2dd9ae0230c0208bbe12705c50fd13da8c579651d5d36	0.1.0	2026-08-27	PRJNA516762;SRP181984;PMC6688261;31395030	stress_response
CGIG_HEAT_RNASEQ_PRJNA516762:150	CGIG_HEAT_RNASEQ_PRJNA516762	heat_35C_2h_vs_control_12C	CGI_10020949	CGI_10020949	gene	Crassostrea gigas	GCA_000297895.1			unresolved	down	-3.52361813728486	log2_fold_change					1.9524473045025e-37	30	gill	juvenile	temperature	thermal_tolerance	Organism-level thermal-tolerance direction was not measured; molecular heat-response direction only	DESeq2_publication_FDR_le_0.05_FC_ge_1.5	published_significant_deg;standard_error_unavailable;raw_p_value_unavailable;legacy_identifier_unmapped	data/processed/CGIG_HEAT_RNASEQ_PRJNA516762_rnaseq.tsv	7e32d923cf416f0515c2dd9ae0230c0208bbe12705c50fd13da8c579651d5d36	0.1.0	2026-08-27	PRJNA516762;SRP181984;PMC6688261;31395030	stress_response
